Date,Open,High,Low,Close,Volume,Dividends,Stock Splits
2017-03-01,8904.400390625,8960.7998046875,8898.599609375,8945.7998046875,205900,0,0
2017-03-02,8982.849609375,8992.5,8879.7998046875,8899.75,218800,0,0
2017-03-03,8883.5,8907.099609375,8860.099609375,8897.5498046875,202600,0,0
2017-03-06,8915.099609375,8967.7998046875,8914.0,8963.4501953125,174800,0,0
2017-03-07,8977.75,8977.849609375,8932.7998046875,8946.900390625,173400,0,0
2017-03-08,8950.7001953125,8957.0498046875,8891.9501953125,8924.2998046875,177800,0,0
2017-03-09,8914.5,8945.7998046875,8899.5,8927.0,171500,0,0
2017-03-10,8953.7001953125,8975.7001953125,8903.9501953125,8934.5498046875,152700,0,0
2017-03-14,9091.650390625,9122.75,9060.5,9087.0,270300,0,0
2017-03-15,9086.849609375,9106.5498046875,9075.5,9084.7998046875,240600,0,0
2017-03-16,9129.650390625,9158.4501953125,9128.5498046875,9153.7001953125,208600,0,0
2017-03-17,9207.7998046875,9218.400390625,9147.599609375,9160.0498046875,286700,0,0
2017-03-20,9166.9501953125,9167.599609375,9116.2998046875,9126.849609375,332100,0,0
2017-03-21,9133.9501953125,9147.75,9087.2001953125,9121.5,247700,0,0
2017-03-22,9047.2001953125,9072.900390625,9019.2998046875,9030.4501953125,232300,0,0
2017-03-23,9048.75,9099.0498046875,9048.599609375,9086.2998046875,191800,0,0
2017-03-24,9104.0,9133.5498046875,9089.400390625,9108.0,203700,0,0
2017-03-27,9093.4501953125,9094.849609375,9024.650390625,9045.2001953125,202700,0,0
2017-03-28,9081.5,9110.400390625,9079.7998046875,9100.7998046875,183300,0,0
2017-03-29,9128.7001953125,9153.150390625,9109.099609375,9143.7998046875,243400,0,0
2017-03-30,9142.599609375,9183.150390625,9136.349609375,9173.75,323400,0,0
2017-03-31,9158.900390625,9191.7001953125,9152.099609375,9173.75,190900,0,0
2017-04-03,9220.599609375,9245.349609375,9192.400390625,9237.849609375,139100,0,0
2017-04-05,9264.400390625,9273.900390625,9215.400390625,9265.150390625,184800,0,0
2017-04-06,9245.7998046875,9267.9501953125,9218.849609375,9261.9501953125,186100,0,0
2017-04-07,9223.7001953125,9250.5,9188.099609375,9198.2998046875,190000,0,0
2017-04-10,9225.599609375,9225.650390625,9174.849609375,9181.4501953125,135800,0,0
2017-04-11,9184.5498046875,9242.7001953125,9172.849609375,9237.0,200100,0,0
2017-04-12,9242.5,9246.400390625,9161.7998046875,9203.4501953125,161800,0,0
2017-04-13,9202.5,9202.650390625,9144.9501953125,9150.7998046875,166500,0,0
2017-04-17,9144.75,9160.0,9120.25,9139.2998046875,0,0,0
2017-04-18,9163.0,9217.900390625,9095.4501953125,9105.150390625,174200,0,0
2017-04-19,9112.2001953125,9120.5,9075.150390625,9103.5,173700,0,0
2017-04-20,9108.099609375,9143.900390625,9102.650390625,9136.400390625,170300,0,0
2017-04-21,9179.099609375,9183.650390625,9088.75,9119.400390625,155200,0,0
2017-04-24,9135.349609375,9225.400390625,9130.5498046875,9217.9501953125,167700,0,0
2017-04-25,9273.0498046875,9309.2001953125,9250.349609375,9306.599609375,168700,0,0
2017-04-26,9336.2001953125,9367.0,9301.349609375,9351.849609375,185700,0,0
2017-04-27,9359.150390625,9367.150390625,9322.650390625,9342.150390625,209400,0,0
2017-04-28,9340.9501953125,9342.650390625,9282.25,9304.0498046875,162200,0,0
2017-05-02,9339.849609375,9352.5498046875,9269.900390625,9313.7998046875,161600,0,0
2017-05-03,9344.7001953125,9346.2998046875,9298.400390625,9311.9501953125,151600,0,0
2017-05-04,9360.9501953125,9365.650390625,9323.25,9359.900390625,269600,0,0
2017-05-05,9374.5498046875,9377.099609375,9272.0,9285.2998046875,231900,0,0
2017-05-08,9311.4501953125,9338.7001953125,9297.9501953125,9314.0498046875,174300,0,0
2017-05-09,9337.349609375,9338.9501953125,9307.7001953125,9316.849609375,132300,0,0
2017-05-10,9339.650390625,9414.75,9336.0,9407.2998046875,152700,0,0
2017-05-11,9448.599609375,9450.650390625,9411.2998046875,9422.400390625,171100,0,0
2017-05-12,9436.650390625,9437.75,9372.5498046875,9400.900390625,154300,0,0
2017-05-15,9433.5498046875,9449.25,9423.099609375,9445.400390625,140800,0,0
2017-05-16,9461.0,9517.2001953125,9456.349609375,9512.25,166500,0,0
2017-05-17,9517.599609375,9532.599609375,9486.099609375,9525.75,205500,0,0
2017-05-18,9453.2001953125,9489.099609375,9418.099609375,9429.4501953125,193300,0,0
2017-05-19,9469.900390625,9505.75,9390.75,9427.900390625,252100,0,0
2017-05-22,9480.25,9498.650390625,9427.900390625,9438.25,196800,0,0
2017-05-23,9445.0498046875,9448.0498046875,9370.0,9386.150390625,224400,0,0
2017-05-24,9410.900390625,9431.900390625,9341.650390625,9360.5498046875,211800,0,0
2017-05-25,9384.0498046875,9523.2998046875,9379.2001953125,9509.75,289200,0,0
2017-05-26,9507.75,9604.900390625,9495.400390625,9595.099609375,218800,0,0
2017-05-29,9560.0498046875,9637.75,9547.7001953125,9604.900390625,235000,0,0
2017-05-30,9590.650390625,9635.2998046875,9581.2001953125,9624.5498046875,193900,0,0
2017-05-31,9636.5498046875,9649.599609375,9609.25,9621.25,414300,0,0
2017-06-01,9603.5498046875,9634.650390625,9589.900390625,9616.099609375,176100,0,0
2017-06-02,9657.150390625,9673.5,9637.4501953125,9653.5,162200,0,0
2017-06-05,9656.2998046875,9687.2001953125,9640.7001953125,9675.099609375,127700,0,0
2017-06-06,9704.25,9709.2998046875,9630.2001953125,9637.150390625,145900,0,0
2017-06-07,9663.9501953125,9678.5498046875,9630.5498046875,9663.900390625,160700,0,0
2017-06-08,9682.400390625,9688.7001953125,9641.5,9647.25,155400,0,0
2017-06-09,9638.5498046875,9676.25,9608.150390625,9668.25,159000,0,0
2017-06-12,9646.7001953125,9647.0498046875,9598.5,9616.400390625,141400,0,0
2017-06-13,9615.5498046875,9654.150390625,9595.400390625,9606.900390625,129700,0,0
2017-06-14,9621.5498046875,9627.400390625,9580.4501953125,9618.150390625,181800,0,0
2017-06-15,9617.900390625,9621.400390625,9560.7998046875,9578.0498046875,171100,0,0
2017-06-16,9595.4501953125,9615.849609375,9565.5,9588.0498046875,213200,0,0
2017-06-19,9626.400390625,9673.2998046875,9614.900390625,9657.5498046875,141700,0,0
2017-06-20,9670.5,9676.5,9643.75,9653.5,159500,0,0
2017-06-21,9648.099609375,9650.4501953125,9608.599609375,9633.599609375,144000,0,0
2017-06-22,9642.650390625,9698.849609375,9617.75,9630.0,198800,0,0
2017-06-23,9643.25,9647.650390625,9565.2998046875,9574.9501953125,175200,0,0
2017-06-27,9594.0498046875,9615.400390625,9473.4501953125,9511.400390625,203300,0,0
2017-06-28,9520.2001953125,9522.5,9474.349609375,9491.25,172400,0,0
2017-06-29,9522.9501953125,9575.7998046875,9493.7998046875,9504.099609375,259300,0,0
2017-06-30,9478.5,9535.7998046875,9448.75,9520.900390625,179600,0,0
2017-07-03,9587.9501953125,9624.0,9543.5498046875,9615.0,183000,0,0
2017-07-04,9645.900390625,9650.650390625,9595.5,9613.2998046875,144800,0,0
2017-07-05,9619.75,9643.650390625,9607.349609375,9637.599609375,130800,0,0
2017-07-06,9653.599609375,9700.7001953125,9639.9501953125,9674.5498046875,147400,0,0
2017-07-07,9670.349609375,9684.25,9642.650390625,9665.7998046875,141800,0,0
2017-07-10,9719.2998046875,9782.150390625,9646.4501953125,9771.0498046875,37500,0,0
2017-07-11,9797.4501953125,9830.0498046875,9778.849609375,9786.0498046875,179700,0,0
2017-07-12,9807.2998046875,9824.9501953125,9787.7001953125,9816.099609375,145500,0,0
2017-07-13,9855.7998046875,9897.25,9853.4501953125,9891.7001953125,181300,0,0
2017-07-14,9913.2998046875,9913.2998046875,9845.4501953125,9886.349609375,159600,0,0
2017-07-17,9908.150390625,9928.2001953125,9894.7001953125,9915.9501953125,163500,0,0
2017-07-18,9832.7001953125,9885.349609375,9792.0498046875,9827.150390625,293900,0,0
2017-07-19,9855.9501953125,9905.0498046875,9851.650390625,9899.599609375,200200,0,0
2017-07-20,9920.2001953125,9922.5498046875,9863.4501953125,9873.2998046875,161100,0,0
2017-07-21,9899.599609375,9924.7001953125,9838.0,9915.25,187500,0,0
2017-07-24,9936.7998046875,9982.0498046875,9919.599609375,9966.400390625,174500,0,0
2017-07-25,10010.5498046875,10011.2998046875,9949.099609375,9964.5498046875,185500,0,0
2017-07-26,9983.650390625,10025.9501953125,9965.9501953125,10020.650390625,197600,0,0
2017-07-27,10063.25,10114.849609375,10005.5,10020.5498046875,287900,0,0
2017-07-28,9996.5498046875,10026.0498046875,9944.5,10014.5,191600,0,0
2017-07-31,10034.7001953125,10085.900390625,10016.9501953125,10077.099609375,237700,0,0
2017-08-01,10101.0498046875,10128.599609375,10065.75,10114.650390625,184300,0,0
2017-08-02,10136.2998046875,10137.849609375,10054.2001953125,10081.5,161500,0,0
2017-08-03,10081.150390625,10081.150390625,9998.25,10013.650390625,192700,0,0
2017-08-04,10008.599609375,10075.25,9988.349609375,10066.400390625,178600,0,0
2017-08-07,10074.7998046875,10088.099609375,10046.349609375,10057.400390625,137400,0,0
2017-08-08,10068.349609375,10083.7998046875,9947.0,9978.5498046875,203300,0,0
2017-08-09,9961.150390625,9969.7998046875,9893.0498046875,9908.0498046875,169200,0,0
2017-08-10,9872.849609375,9892.650390625,9776.2001953125,9820.25,235500,0,0
2017-08-11,9712.150390625,9771.650390625,9685.5498046875,9710.7998046875,285900,0,0
2017-08-14,9755.75,9818.2998046875,9752.099609375,9794.150390625,195600,0,0
2017-08-16,9825.849609375,9903.9501953125,9773.849609375,9897.2998046875,219500,0,0
2017-08-17,9945.5498046875,9947.7998046875,9883.75,9904.150390625,197600,0,0
2017-08-18,9865.9501953125,9865.9501953125,9783.650390625,9837.400390625,246300,0,0
2017-08-21,9864.25,9884.349609375,9740.099609375,9754.349609375,205300,0,0
2017-08-22,9815.75,9828.4501953125,9752.599609375,9765.5498046875,183600,0,0
2017-08-23,9803.0498046875,9857.900390625,9786.75,9852.5,168600,0,0
2017-08-24,9881.2001953125,9881.5,9848.849609375,9857.0498046875,184700,0,0
2017-08-28,9907.150390625,9925.75,9882.0,9912.7998046875,159600,0,0
2017-08-29,9886.400390625,9887.349609375,9783.75,9796.0498046875,173300,0,0
2017-08-30,9859.5,9909.4501953125,9850.7998046875,9884.400390625,157800,0,0
2017-08-31,9905.7001953125,9925.099609375,9856.9501953125,9917.900390625,327700,0,0
2017-09-01,9937.650390625,9983.4501953125,9909.849609375,9974.400390625,157800,0,0
2017-09-04,9984.150390625,9988.400390625,9861.0,9912.849609375,148800,0,0
2017-09-05,9933.25,9963.099609375,9901.0498046875,9952.2001953125,139200,0,0
2017-09-06,9899.25,9931.5498046875,9882.5498046875,9916.2001953125,149200,0,0
2017-09-07,9945.849609375,9964.849609375,9917.2001953125,9929.900390625,188800,0,0
2017-09-08,9958.650390625,9963.599609375,9913.2998046875,9934.7998046875,163600,0,0
2017-09-11,9971.75,10028.650390625,9968.7998046875,10006.0498046875,173000,0,0
2017-09-12,10056.849609375,10097.5498046875,10028.0498046875,10093.0498046875,182600,0,0
2017-09-13,10099.25,10131.9501953125,10063.150390625,10079.2998046875,215000,0,0
2017-09-14,10107.400390625,10126.5,10070.349609375,10086.599609375,225600,0,0
2017-09-15,10062.349609375,10115.150390625,10043.650390625,10085.400390625,266600,0,0
2017-09-18,10133.099609375,10171.7001953125,10131.2998046875,10153.099609375,156100,0,0
2017-09-19,10175.599609375,10178.9501953125,10129.9501953125,10147.5498046875,187500,0,0
2017-09-20,10160.9501953125,10171.0498046875,10134.2001953125,10141.150390625,199400,0,0
2017-09-21,10139.599609375,10158.900390625,10058.599609375,10121.900390625,191800,0,0
2017-09-22,10094.349609375,10095.0498046875,9952.7998046875,9964.400390625,226600,0,0
2017-09-25,9960.099609375,9960.5,9816.0498046875,9872.599609375,221400,0,0
2017-09-26,9875.25,9891.349609375,9813.0,9871.5,190900,0,0
2017-09-27,9920.599609375,9921.0498046875,9714.400390625,9735.75,200100,0,0
2017-09-28,9736.400390625,9789.2001953125,9687.5498046875,9768.9501953125,385000,0,0
2017-09-29,9814.2998046875,9854.0,9775.349609375,9788.599609375,196300,0,0
2017-10-03,9893.2998046875,9895.400390625,9831.0498046875,9859.5,162800,0,0
2017-10-04,9884.349609375,9938.2998046875,9850.650390625,9914.900390625,156200,0,0
2017-10-05,9927.0,9945.9501953125,9881.849609375,9888.7001953125,147800,0,0
2017-10-06,9908.150390625,9989.349609375,9906.599609375,9979.7001953125,195800,0,0
2017-10-09,9988.2001953125,10015.75,9959.4501953125,9988.75,143900,0,0
2017-10-10,10013.7001953125,10034.0,10002.2998046875,10016.9501953125,148600,0,0
2017-10-11,10042.599609375,10067.25,9955.7998046875,9984.7998046875,189700,0,0
2017-10-12,10011.2001953125,10104.4501953125,9977.099609375,10096.400390625,200900,0,0
2017-10-13,10123.7001953125,10191.900390625,10120.099609375,10167.4501953125,230100,0,0
2017-10-16,10207.400390625,10242.9501953125,10175.099609375,10230.849609375,203000,0,0
2017-10-17,10227.650390625,10251.849609375,10212.599609375,10234.4501953125,195700,0,0
2017-10-18,10209.400390625,10236.4501953125,10175.75,10210.849609375,254200,0,0
2017-10-19,10210.349609375,10211.9501953125,10123.349609375,10146.5498046875,30200,0,0
2017-10-23,10176.650390625,10224.150390625,10124.5,10184.849609375,218100,0,0
2017-10-24,10218.5498046875,10237.75,10182.400390625,10207.7001953125,217200,0,0
2017-10-25,10321.150390625,10340.5498046875,10240.900390625,10295.349609375,594200,0,0
2017-10-26,10291.7998046875,10355.650390625,10271.849609375,10343.7998046875,429700,0,0
2017-10-27,10362.2998046875,10366.150390625,10311.2998046875,10323.0498046875,312700,0,0
2017-10-30,10353.849609375,10384.5,10344.2998046875,10363.650390625,236900,0,0
2017-10-31,10364.900390625,10367.7001953125,10323.9501953125,10335.2998046875,232600,0,0
2017-11-01,10390.349609375,10451.650390625,10383.0498046875,10440.5,260300,0,0
2017-11-02,10440.5,10453.0,10412.5498046875,10423.7998046875,201500,0,0
2017-11-03,10461.5498046875,10461.7001953125,10403.599609375,10452.5,199900,0,0
2017-11-06,10431.75,10490.4501953125,10413.75,10451.7998046875,193600,0,0
2017-11-07,10477.150390625,10485.75,10340.7998046875,10350.150390625,286900,0,0
2017-11-08,10361.9501953125,10384.25,10285.5,10303.150390625,274500,0,0
2017-11-09,10358.650390625,10368.4501953125,10266.9501953125,10308.9501953125,240200,0,0
2017-11-10,10304.349609375,10344.9501953125,10254.099609375,10321.75,279400,0,0
2017-11-13,10322.0,10334.150390625,10216.25,10224.9501953125,210300,0,0
2017-11-14,10223.400390625,10248.0,10175.5498046875,10186.599609375,305000,0,0
2017-11-15,10171.9501953125,10175.4501953125,10094.0,10118.0498046875,207400,0,0
2017-11-16,10152.900390625,10232.25,10139.2001953125,10214.75,182600,0,0
2017-11-17,10324.5498046875,10343.599609375,10268.0498046875,10283.599609375,203300,0,0
2017-11-20,10287.2001953125,10309.849609375,10261.5,10298.75,147200,0,0
2017-11-21,10329.25,10358.7001953125,10315.0498046875,10326.900390625,186100,0,0
2017-11-22,10350.7998046875,10368.7001953125,10309.5498046875,10342.2998046875,157600,0,0
2017-11-23,10358.4501953125,10374.2998046875,10307.2998046875,10348.75,153000,0,0
2017-11-24,10366.7998046875,10404.5,10362.25,10389.7001953125,129200,0,0
2017-11-27,10361.0498046875,10407.150390625,10340.2001953125,10399.5498046875,141900,0,0
2017-11-28,10387.900390625,10409.5498046875,10355.2001953125,10370.25,196000,0,0
2017-11-29,10376.650390625,10392.9501953125,10345.900390625,10361.2998046875,152500,0,0
2017-11-30,10332.7001953125,10332.7001953125,10211.25,10226.5498046875,342500,0,0
2017-12-01,10263.7001953125,10272.7001953125,10108.5498046875,10121.7998046875,143400,0,0
2017-12-04,10175.0498046875,10179.2001953125,10095.7001953125,10127.75,148600,0,0
2017-12-05,10118.25,10147.9501953125,10069.099609375,10118.25,155500,0,0
2017-12-06,10088.7998046875,10104.2001953125,10033.349609375,10044.099609375,166100,0,0
2017-12-07,10063.4501953125,10182.650390625,10061.900390625,10166.7001953125,166200,0,0
2017-12-08,10198.4501953125,10270.849609375,10195.25,10265.650390625,200000,0,0
2017-12-11,10310.5,10329.2001953125,10282.0498046875,10322.25,147400,0,0
2017-12-12,10324.900390625,10326.099609375,10230.2001953125,10240.150390625,175100,0,0
2017-12-13,10236.599609375,10296.5498046875,10169.849609375,10192.9501953125,181600,0,0
2017-12-14,10229.2998046875,10276.099609375,10141.5498046875,10252.099609375,154300,0,0
2017-12-15,10345.650390625,10373.099609375,10319.650390625,10333.25,255100,0,0
2017-12-18,10263.099609375,10443.5498046875,10074.7998046875,10388.75,230400,0,0
2017-12-19,10414.7998046875,10472.2001953125,10406.0,10463.2001953125,169100,0,0
2017-12-20,10494.400390625,10494.4501953125,10437.150390625,10444.2001953125,175200,0,0
2017-12-21,10473.9501953125,10473.9501953125,10426.900390625,10440.2998046875,151900,0,0
2017-12-22,10457.2998046875,10501.099609375,10448.25,10493.0,138800,0,0
2017-12-26,10512.2998046875,10545.4501953125,10477.9501953125,10531.5,155600,0,0
2017-12-27,10531.0498046875,10552.400390625,10469.25,10490.75,165200,0,0
2017-12-28,10498.2001953125,10534.5498046875,10460.4501953125,10477.900390625,272900,0,0
2017-12-29,10492.349609375,10538.7001953125,10488.650390625,10530.7001953125,152000,0,0
2018-01-02,10477.5498046875,10495.2001953125,10404.650390625,10442.2001953125,153400,0,0
2018-01-03,10482.650390625,10503.599609375,10429.5498046875,10443.2001953125,167300,0,0
2018-01-04,10469.400390625,10513.0,10441.4501953125,10504.7998046875,174900,0,0
2018-01-05,10534.25,10566.099609375,10520.099609375,10558.849609375,180900,0,0
2018-01-08,10591.7001953125,10631.2001953125,10588.5498046875,10623.599609375,169000,0,0
2018-01-09,10645.099609375,10659.150390625,10603.599609375,10637.0,205000,0,0
2018-01-10,10652.0498046875,10655.5,10592.7001953125,10632.2001953125,176400,0,0
2018-01-11,10637.0498046875,10664.599609375,10612.349609375,10651.2001953125,153800,0,0
2018-01-12,10682.5498046875,10690.400390625,10597.099609375,10681.25,175200,0,0
2018-01-15,10718.5,10782.650390625,10713.7998046875,10741.5498046875,175900,0,0
2018-01-16,10761.5,10762.349609375,10687.849609375,10700.4501953125,211000,0,0
2018-01-17,10702.4501953125,10803.0,10666.75,10788.5498046875,252700,0,0
2018-01-18,10873.400390625,10887.5,10782.400390625,10817.0,312000,0,0
2018-01-19,10829.2001953125,10906.849609375,10793.900390625,10894.7001953125,207600,0,0
2018-01-22,10883.2001953125,10975.099609375,10881.400390625,10966.2001953125,231600,0,0
2018-01-23,10997.400390625,11092.900390625,10994.5498046875,11083.7001953125,284600,0,0
2018-01-24,11069.349609375,11110.099609375,11046.150390625,11086.0,283400,0,0
2018-01-25,11095.599609375,11095.599609375,11009.2001953125,11069.650390625,330300,0,0
2018-01-29,11079.349609375,11171.5498046875,11075.9501953125,11130.400390625,241700,0,0
2018-01-30,11120.849609375,11121.099609375,11033.900390625,11049.650390625,228000,0,0
2018-01-31,11018.7998046875,11058.5,10979.2998046875,11027.7001953125,245900,0,0
2018-02-01,11044.5498046875,11117.349609375,10878.7998046875,11016.900390625,306200,0,0
2018-02-02,10938.2001953125,10954.9501953125,10736.099609375,10760.599609375,282700,0,0
2018-02-05,10604.2998046875,10702.75,10586.7998046875,10666.5498046875,240100,0,0
2018-02-06,10295.150390625,10594.150390625,10276.2998046875,10498.25,266500,0,0
2018-02-07,10607.2001953125,10614.0,10446.400390625,10476.7001953125,250400,0,0
2018-02-08,10518.5,10637.7998046875,10479.5498046875,10576.849609375,232200,0,0
2018-02-09,10416.5,10480.2001953125,10398.2001953125,10454.9501953125,191600,0,0
2018-02-12,10518.2001953125,10555.5,10485.400390625,10539.75,217400,0,0
2018-02-14,10585.75,10590.5498046875,10456.650390625,10500.900390625,229200,0,0
2018-02-15,10537.900390625,10618.099609375,10511.0498046875,10545.5,210600,0,0
2018-02-16,10596.2001953125,10612.900390625,10434.0498046875,10452.2998046875,184300,0,0
2018-02-19,10488.900390625,10489.349609375,10302.75,10378.400390625,187300,0,0
2018-02-20,10391.0,10429.349609375,10347.650390625,10360.400390625,187700,0,0
2018-02-21,10426.0,10426.099609375,10349.599609375,10397.4501953125,234100,0,0
2018-02-22,10354.349609375,10397.5498046875,10340.650390625,10382.7001953125,313600,0,0
2018-02-23,10408.099609375,10499.099609375,10396.650390625,10491.0498046875,210600,0,0
2018-02-26,10526.5498046875,10592.9501953125,10520.2001953125,10582.599609375,171900,0,0
2018-02-27,10615.2001953125,10631.650390625,10537.25,10554.2998046875,187500,0,0
2018-02-28,10488.9501953125,10535.5,10461.5498046875,10492.849609375,286000,0,0
2018-03-01,10479.9501953125,10525.5,10447.150390625,10458.349609375,176000,0,0
2018-03-05,10428.2998046875,10428.7001953125,10323.900390625,10358.849609375,194000,0,0
2018-03-06,10420.5,10441.349609375,10215.900390625,10249.25,222900,0,0
2018-03-07,10232.9501953125,10243.349609375,10141.5498046875,10154.2001953125,249500,0,0
2018-03-08,10216.25,10270.349609375,10146.400390625,10242.650390625,226400,0,0
2018-03-09,10271.2998046875,10296.7001953125,10211.900390625,10226.849609375,186500,0,0
2018-03-12,10301.599609375,10433.650390625,10295.4501953125,10421.400390625,216400,0,0
2018-03-13,10389.5,10478.599609375,10377.849609375,10426.849609375,266700,0,0
2018-03-14,10393.0498046875,10420.349609375,10336.2998046875,10410.900390625,181400,0,0
2018-03-15,10405.4501953125,10420.0,10346.2001953125,10360.150390625,173900,0,0
2018-03-16,10345.150390625,10346.2998046875,10180.25,10195.150390625,328500,0,0
2018-03-19,10215.349609375,10224.5498046875,10075.2998046875,10094.25,210200,0,0
2018-03-20,10051.5498046875,10155.650390625,10049.099609375,10124.349609375,203000,0,0
2018-03-21,10181.9501953125,10227.2998046875,10132.9501953125,10155.25,204800,0,0
2018-03-22,10167.5,10207.849609375,10105.400390625,10114.75,230500,0,0
2018-03-23,9968.7998046875,10027.7001953125,9951.900390625,9998.0498046875,285700,0,0
2018-03-26,9989.150390625,10143.5,9958.5498046875,10130.650390625,262600,0,0
2018-03-27,10188.0,10207.900390625,10139.650390625,10184.150390625,225700,0,0
2018-03-28,10143.599609375,10158.349609375,10096.900390625,10113.7001953125,344400,0,0
2018-04-02,10151.650390625,10220.099609375,10127.75,10211.7998046875,225400,0,0
2018-04-03,10186.849609375,10255.349609375,10171.0498046875,10245.0,205300,0,0
2018-04-04,10274.599609375,10279.849609375,10111.2998046875,10128.400390625,231100,0,0
2018-04-05,10228.4501953125,10331.7998046875,10227.4501953125,10325.150390625,236800,0,0
2018-04-06,10322.75,10350.4501953125,10290.849609375,10331.599609375,200200,0,0
2018-04-09,10333.7001953125,10397.7001953125,10328.5,10379.349609375,221600,0,0
2018-04-10,10412.900390625,10424.849609375,10381.5,10402.25,251700,0,0
2018-04-11,10428.150390625,10428.150390625,10355.599609375,10417.150390625,250400,0,0
2018-04-12,10410.650390625,10469.900390625,10395.25,10458.650390625,238600,0,0
2018-04-13,10495.2998046875,10519.900390625,10451.4501953125,10480.599609375,213100,0,0
2018-04-16,10398.2998046875,10540.150390625,10396.349609375,10528.349609375,195000,0,0
2018-04-17,10557.2998046875,10560.4501953125,10495.650390625,10548.7001953125,206100,0,0
2018-04-18,10578.900390625,10594.2001953125,10509.7001953125,10526.2001953125,205400,0,0
2018-04-19,10563.650390625,10572.2001953125,10546.2001953125,10565.2998046875,262600,0,0
2018-04-20,10560.349609375,10582.349609375,10527.4501953125,10564.0498046875,244600,0,0
2018-04-23,10592.7998046875,10638.349609375,10514.9501953125,10584.7001953125,194200,0,0
2018-04-24,10578.099609375,10636.7998046875,10569.0,10614.349609375,219200,0,0
2018-04-25,10612.400390625,10612.599609375,10536.4501953125,10570.5498046875,189200,0,0
2018-04-26,10586.5,10628.400390625,10559.650390625,10617.7998046875,335100,0,0
2018-04-27,10651.650390625,10719.7998046875,10647.5498046875,10692.2998046875,0,0,0
2018-04-30,10705.75,10759.0,10704.599609375,10739.349609375,173800,0,0
2018-05-02,10783.849609375,10784.650390625,10689.7998046875,10718.0498046875,229700,0,0
2018-05-03,10720.150390625,10720.599609375,10647.4501953125,10679.650390625,185200,0,0
2018-05-04,10700.4501953125,10700.4501953125,10601.599609375,10618.25,186500,0,0
2018-05-07,10653.150390625,10725.650390625,10635.650390625,10715.5,168400,0,0
2018-05-08,10757.900390625,10758.5498046875,10689.400390625,10717.7998046875,269800,0,0
2018-05-09,10693.349609375,10766.25,10689.849609375,10741.7001953125,215400,0,0
2018-05-10,10779.650390625,10785.5498046875,10705.0,10716.5498046875,192100,0,0
2018-05-11,10741.9501953125,10812.0498046875,10724.4501953125,10806.5,203100,0,0
2018-05-14,10815.150390625,10834.849609375,10774.75,10806.599609375,171400,0,0
2018-05-15,10812.599609375,10929.2001953125,10781.400390625,10801.849609375,254300,0,0
2018-05-16,10751.9501953125,10790.4501953125,10699.7001953125,10741.099609375,231100,0,0
2018-05-17,10775.599609375,10777.25,10664.5,10682.7001953125,214100,0,0
2018-05-18,10671.849609375,10674.9501953125,10589.099609375,10596.400390625,223000,0,0
2018-05-21,10616.7001953125,10621.7001953125,10505.7998046875,10516.7001953125,0,0,0
2018-05-22,10518.4501953125,10558.599609375,10490.5498046875,10536.7001953125,241700,0,0
2018-05-23,10521.099609375,10533.5498046875,10417.7998046875,10430.349609375,290900,0,0
2018-05-24,10464.849609375,10535.150390625,10419.7998046875,10513.849609375,297600,0,0
2018-05-25,10533.0498046875,10628.0498046875,10524.0,10605.150390625,260800,0,0
2018-05-28,10648.349609375,10709.7998046875,10640.5498046875,10688.650390625,232600,0,0
2018-05-29,10689.400390625,10717.25,10616.099609375,10633.2998046875,225800,0,0
2018-05-30,10579.0,10648.7001953125,10558.4501953125,10614.349609375,238700,0,0
2018-05-31,10670.099609375,10763.7998046875,10620.400390625,10736.150390625,610300,0,0
2018-06-01,10738.4501953125,10764.75,10681.5,10696.2001953125,220600,0,0
2018-06-04,10765.9501953125,10770.2998046875,10618.349609375,10628.5,203800,0,0
2018-06-05,10630.7001953125,10633.150390625,10550.900390625,10593.150390625,167700,0,0
2018-06-06,10603.4501953125,10698.349609375,10587.5,10684.650390625,189900,0,0
2018-06-07,10722.599609375,10818.0,10722.599609375,10768.349609375,220900,0,0
2018-06-08,10736.400390625,10779.4501953125,10709.0498046875,10767.650390625,209400,0,0
2018-06-11,10781.849609375,10850.5498046875,10777.0498046875,10786.9501953125,211400,0,0
2018-06-12,10816.150390625,10856.5498046875,10789.400390625,10842.849609375,198300,0,0
2018-06-13,10887.5,10893.25,10842.650390625,10856.7001953125,213400,0,0
2018-06-14,10832.900390625,10833.7001953125,10773.5498046875,10808.0498046875,184300,0,0
2018-06-15,10808.650390625,10834.0,10755.400390625,10817.7001953125,305400,0,0
2018-06-18,10830.2001953125,10830.2001953125,10787.349609375,10799.849609375,196600,0,0
2018-06-19,10789.4501953125,10789.4501953125,10701.2001953125,10710.4501953125,224500,0,0
2018-06-20,10734.650390625,10781.7998046875,10724.0498046875,10772.0498046875,193500,0,0
2018-06-21,10808.4501953125,10809.599609375,10725.900390625,10741.099609375,223600,0,0
2018-06-22,10742.7001953125,10837.0,10710.4501953125,10821.849609375,229800,0,0
2018-06-25,10822.900390625,10831.0498046875,10753.0498046875,10762.4501953125,229600,0,0
2018-06-26,10742.7001953125,10805.25,10732.5498046875,10769.150390625,220000,0,0
2018-06-27,10785.5,10785.5,10652.400390625,10671.400390625,246000,0,0
2018-06-28,10660.7998046875,10674.2001953125,10557.7001953125,10589.099609375,352300,0,0
2018-06-29,10612.849609375,10723.0498046875,10612.349609375,10714.2998046875,242800,0,0
2018-07-02,10732.349609375,10736.150390625,10604.650390625,10657.2998046875,295400,0,0
2018-07-03,10668.599609375,10713.2998046875,10630.25,10699.900390625,202100,0,0
2018-07-04,10715.0,10777.150390625,10677.75,10769.900390625,173900,0,0
2018-07-05,10786.0498046875,10786.0498046875,10726.25,10749.75,220500,0,0
2018-07-06,10744.150390625,10816.349609375,10735.0498046875,10772.650390625,0,0,0
2018-07-09,10838.2998046875,10860.349609375,10807.150390625,10852.900390625,183600,0,0
2018-07-10,10902.75,10956.900390625,10876.650390625,10947.25,197000,0,0
2018-07-11,10956.400390625,10976.650390625,10923.0,10948.2998046875,222300,0,0
2018-07-12,11006.9501953125,11078.2998046875,10999.650390625,11023.2001953125,248300,0,0
2018-07-13,11056.900390625,11071.349609375,10999.75,11018.900390625,0,0,0
2018-07-16,11018.9501953125,11019.5,10926.25,10936.849609375,210500,0,0
2018-07-17,10939.650390625,11018.5,10925.599609375,11008.0498046875,210600,0,0
2018-07-18,11060.2001953125,11076.2001953125,10956.2998046875,10980.4501953125,225500,0,0
2018-07-19,10999.5,11006.5,10935.4501953125,10957.099609375,215400,0,0
2018-07-20,10963.5,11030.25,10946.2001953125,11010.2001953125,187300,0,0
2018-07-23,11019.849609375,11093.400390625,11010.9501953125,11084.75,229100,0,0
2018-07-24,11109.0,11143.400390625,11092.5,11134.2998046875,205800,0,0
2018-07-25,11148.400390625,11157.150390625,11113.25,11132.0,205900,0,0
2018-07-26,11132.9501953125,11185.849609375,11125.7001953125,11167.2998046875,365400,0,0
2018-07-27,11232.75,11283.400390625,11210.25,11278.349609375,314600,0,0
2018-07-30,11296.650390625,11328.099609375,11261.4501953125,11319.5498046875,278800,0,0
2018-07-31,11311.0498046875,11366.0,11267.75,11356.5,256500,0,0
2018-08-01,11359.7998046875,11390.5498046875,11313.5498046875,11346.2001953125,269700,0,0
2018-08-02,11328.900390625,11328.900390625,11234.9501953125,11244.7001953125,210000,0,0
2018-08-03,11297.7998046875,11368.0,11294.5498046875,11360.7998046875,218300,0,0
2018-08-06,11401.5,11427.650390625,11370.599609375,11387.099609375,203700,0,0
2018-08-07,11423.150390625,11428.9501953125,11359.7001953125,11389.4501953125,226400,0,0
2018-08-08,11412.5,11459.9501953125,11379.2998046875,11450.0,210500,0,0
2018-08-09,11493.25,11495.2001953125,11454.099609375,11470.7001953125,302200,0,0
2018-08-10,11474.9501953125,11478.75,11419.650390625,11429.5,0,0,0
2018-08-13,11369.599609375,11406.2998046875,11340.2998046875,11355.75,246900,0,0
2018-08-14,11381.7001953125,11452.4501953125,11370.7998046875,11435.099609375,232600,0,0
2018-08-16,11397.150390625,11449.849609375,11366.25,11385.0498046875,290600,0,0
2018-08-17,11437.150390625,11486.4501953125,11431.7998046875,11470.75,234700,0,0
2018-08-20,11502.099609375,11565.2998046875,11499.650390625,11551.75,232600,0,0
2018-08-21,11576.2001953125,11581.75,11539.599609375,11570.900390625,224200,0,0
2018-08-23,11620.7001953125,11620.7001953125,11546.7001953125,11582.75,248500,0,0
2018-08-24,11566.599609375,11604.599609375,11532.0,11557.099609375,218800,0,0
2018-08-27,11605.849609375,11700.9501953125,11595.599609375,11691.9501953125,199500,0,0
2018-08-28,11731.9501953125,11760.2001953125,11710.5,11738.5,241900,0,0
2018-08-29,11744.9501953125,11753.2001953125,11678.849609375,11691.900390625,251600,0,0
2018-08-30,11694.75,11698.7998046875,11639.7001953125,11676.7998046875,313800,0,0
2018-08-31,11675.849609375,11727.650390625,11640.099609375,11680.5,346500,0,0
2018-09-03,11751.7998046875,11751.7998046875,11567.400390625,11582.349609375,234400,0,0
2018-09-04,11598.75,11602.5498046875,11496.849609375,11520.2998046875,254800,0,0
2018-09-05,11514.849609375,11542.650390625,11393.849609375,11476.9501953125,246100,0,0
2018-09-06,11514.150390625,11562.25,11436.0498046875,11536.900390625,247900,0,0
2018-09-07,11558.25,11603.0,11484.400390625,11589.099609375,295900,0,0
2018-09-10,11570.25,11573.0,11427.2998046875,11438.099609375,286700,0,0
2018-09-11,11476.849609375,11479.400390625,11274.0,11287.5,0,0,0
2018-09-12,11340.099609375,11380.75,11250.2001953125,11369.900390625,268200,0,0
2018-09-14,11443.5,11523.25,11430.5498046875,11515.2001953125,276600,0,0
2018-09-17,11464.9501953125,11464.9501953125,11366.900390625,11377.75,201400,0,0
2018-09-18,11381.5498046875,11411.4501953125,11268.9501953125,11278.900390625,240900,0,0
2018-09-19,11326.650390625,11332.0498046875,11210.900390625,11234.349609375,250600,0,0
2018-09-21,11271.2998046875,11346.7998046875,10866.4501953125,11143.099609375,719000,0,0
2018-09-24,11164.400390625,11170.150390625,10943.599609375,10967.400390625,0,0,0
2018-09-25,10969.9501953125,11080.599609375,10882.849609375,11067.4501953125,405000,0,0
2018-09-26,11145.5498046875,11145.5498046875,10993.0498046875,11053.7998046875,340500,0,0
2018-09-27,11079.7998046875,11089.4501953125,10953.349609375,10977.5498046875,405700,0,0
2018-09-28,11008.099609375,11034.099609375,10850.2998046875,10930.4501953125,478100,0,0
2018-10-01,10930.900390625,11035.650390625,10821.5498046875,11008.2998046875,387000,0,0
2018-10-03,10982.7001953125,10989.0498046875,10843.75,10858.25,386800,0,0
2018-10-04,10754.7001953125,10754.7001953125,10547.25,10599.25,425100,0,0
2018-10-05,10514.099609375,10540.650390625,10261.900390625,10316.4501953125,606400,0,0
2018-10-08,10310.150390625,10398.349609375,10198.400390625,10348.0498046875,456200,0,0
2018-10-09,10390.2998046875,10397.599609375,10279.349609375,10301.0498046875,430500,0,0
2018-10-10,10331.849609375,10482.349609375,10318.25,10460.099609375,0,0,0
2018-10-11,10169.7998046875,10335.9501953125,10138.599609375,10234.650390625,483500,0,0
2018-10-12,10331.5498046875,10492.4501953125,10322.150390625,10472.5,343500,0,0
2018-10-15,10524.2001953125,10526.2998046875,10410.150390625,10512.5,259500,0,0
2018-10-16,10550.150390625,10604.900390625,10525.2998046875,10584.75,265200,0,0
2018-10-17,10688.7001953125,10710.150390625,10436.4501953125,10453.0498046875,284800,0,0
2018-10-19,10339.7001953125,10380.099609375,10249.599609375,10303.5498046875,357500,0,0
2018-10-22,10405.849609375,10408.5498046875,10224.0,10245.25,297300,0,0
2018-10-23,10152.599609375,10222.099609375,10102.349609375,10146.7998046875,302600,0,0
2018-10-24,10278.150390625,10290.650390625,10126.7001953125,10224.75,351400,0,0
2018-10-25,10135.0498046875,10166.599609375,10079.2998046875,10124.900390625,0,0,0
2018-10-26,10122.349609375,10128.849609375,10004.5498046875,10030.0,364300,0,0
2018-10-29,10078.099609375,10275.2998046875,10020.349609375,10250.849609375,364400,0,0
2018-10-30,10239.400390625,10285.099609375,10175.349609375,10198.400390625,289800,0,0
2018-10-31,10209.5498046875,10396.0,10105.099609375,10386.599609375,375000,0,0
2018-11-01,10441.7001953125,10441.900390625,10341.900390625,10380.4501953125,348500,0,0
2018-11-02,10462.2998046875,10606.9501953125,10457.7001953125,10553.0,421200,0,0
2018-11-05,10558.75,10558.7998046875,10477.0,10524.0,301900,0,0
2018-11-06,10552.0,10600.25,10491.4501953125,10530.0,0,0,0
2018-11-07,10614.4501953125,10616.4501953125,10582.2998046875,10598.400390625,31200,0,0
2018-11-09,10614.7001953125,10619.5498046875,10544.849609375,10585.2001953125,296600,0,0
2018-11-12,10607.7998046875,10645.5,10464.0498046875,10482.2001953125,259700,0,0
2018-11-13,10451.900390625,10596.25,10440.5498046875,10582.5,254600,0,0
2018-11-14,10634.900390625,10651.599609375,10532.7001953125,10576.2998046875,384500,0,0
2018-11-15,10580.599609375,10646.5,10557.5,10616.7001953125,0,0,0
2018-11-16,10644.0,10695.150390625,10631.150390625,10682.2001953125,342800,0,0
2018-11-19,10731.25,10774.7001953125,10688.7998046875,10763.400390625,272100,0,0
2018-11-20,10740.099609375,10740.849609375,10640.849609375,10656.2001953125,295200,0,0
2018-11-21,10670.9501953125,10671.2998046875,10562.349609375,10600.0498046875,300900,0,0
2018-11-22,10612.650390625,10646.25,10512.0,10526.75,239500,0,0
2018-11-26,10568.2998046875,10637.7998046875,10489.75,10628.599609375,0,0,0
2018-11-27,10621.4501953125,10695.150390625,10596.349609375,10685.599609375,0,0,0
2018-11-28,10708.75,10757.7998046875,10699.849609375,10728.849609375,424500,0,0
2018-11-29,10808.7001953125,10883.0498046875,10782.349609375,10858.7001953125,691300,0,0
2018-11-30,10892.099609375,10922.4501953125,10835.099609375,10876.75,453900,0,0
2018-12-03,10930.7001953125,10941.2001953125,10845.349609375,10883.75,409700,0,0
2018-12-04,10877.099609375,10890.9501953125,10833.349609375,10869.5,322100,0,0
2018-12-05,10820.4501953125,10821.0498046875,10747.9501953125,10782.900390625,312300,0,0
2018-12-06,10718.150390625,10722.650390625,10588.25,10601.150390625,318500,0,0
2018-12-07,10644.7998046875,10704.5498046875,10599.349609375,10693.7001953125,325800,0,0
2018-12-10,10508.7001953125,10558.849609375,10474.9501953125,10488.4501953125,381300,0,0
2018-12-11,10350.0498046875,10567.150390625,10333.849609375,10549.150390625,425500,0,0
2018-12-12,10591.0,10752.2001953125,10560.7998046875,10737.599609375,360500,0,0
2018-12-13,10810.75,10838.599609375,10749.5,10791.5498046875,376200,0,0
2018-12-14,10784.5,10815.75,10752.099609375,10805.4501953125,340100,0,0
2018-12-17,10853.2001953125,10900.349609375,10844.849609375,10888.349609375,296900,0,0
2018-12-18,10850.900390625,10915.400390625,10819.099609375,10908.7001953125,286100,0,0
2018-12-19,10930.5498046875,10985.150390625,10928.0,10967.2998046875,312100,0,0
2018-12-20,10885.2001953125,10962.5498046875,10880.0498046875,10951.7001953125,318900,0,0
2018-12-21,10944.25,10963.650390625,10738.650390625,10754.0,377500,0,0
2018-12-24,10780.900390625,10782.2998046875,10649.25,10663.5,223400,0,0
2018-12-26,10635.4501953125,10747.5,10534.5498046875,10729.849609375,263700,0,0
2018-12-27,10817.900390625,10834.2001953125,10764.4501953125,10779.7998046875,456100,0,0
2018-12-28,10820.9501953125,10893.599609375,10817.150390625,10859.900390625,245500,0,0
2018-12-31,10913.2001953125,10923.5498046875,10853.2001953125,10862.5498046875,180900,0,0
2019-01-02,10868.849609375,10895.349609375,10735.0498046875,10792.5,309700,0,0
2019-01-03,10796.7998046875,10814.0498046875,10661.25,10672.25,286200,0,0
2019-01-04,10699.7001953125,10741.0498046875,10628.650390625,10727.349609375,296600,0,0
2019-01-07,10804.849609375,10835.9501953125,10750.150390625,10771.7998046875,269400,0,0
2019-01-08,10786.25,10818.4501953125,10733.25,10802.150390625,277700,0,0
2019-01-09,10862.400390625,10870.400390625,10749.400390625,10855.150390625,333000,0,0
2019-01-10,10859.349609375,10859.349609375,10801.7998046875,10821.599609375,254400,0,0
2019-01-11,10834.75,10850.150390625,10739.400390625,10794.9501953125,260800,0,0
2019-01-14,10807.0,10808.0,10692.349609375,10737.599609375,298800,0,0
2019-01-15,10777.5498046875,10896.9501953125,10777.5498046875,10886.7998046875,310700,0,0
2019-01-16,10899.650390625,10928.150390625,10876.900390625,10890.2998046875,276500,0,0
2019-01-17,10920.849609375,10930.650390625,10844.650390625,10905.2001953125,271700,0,0
2019-01-18,10914.849609375,10928.2001953125,10852.2001953125,10906.9501953125,323800,0,0
2019-01-21,10919.349609375,10987.4501953125,10885.75,10961.849609375,288800,0,0
2019-01-22,10949.7998046875,10949.7998046875,10864.150390625,10922.75,300800,0,0
2019-01-23,10931.0498046875,10944.7998046875,10811.9501953125,10831.5,298900,0,0
2019-01-24,10844.0498046875,10866.599609375,10798.650390625,10849.7998046875,361100,0,0
2019-01-25,10859.75,10931.7001953125,10756.4501953125,10780.5498046875,463400,0,0
2019-01-28,10792.4501953125,10804.4501953125,10630.9501953125,10661.5498046875,419700,0,0
2019-01-29,10653.7001953125,10690.349609375,10583.650390625,10652.2001953125,356900,0,0
2019-01-30,10702.25,10710.2001953125,10612.849609375,10651.7998046875,410100,0,0
2019-01-31,10690.5498046875,10838.0498046875,10678.5498046875,10830.9501953125,604800,0,0
2019-02-01,10851.349609375,10983.4501953125,10813.4501953125,10893.650390625,482300,0,0
2019-02-04,10876.75,10927.900390625,10814.150390625,10912.25,318300,0,0
2019-02-05,10908.650390625,10956.7001953125,10886.7001953125,10934.349609375,268100,0,0
2019-02-06,10965.099609375,11072.599609375,10962.7001953125,11062.4501953125,298500,0,0
2019-02-07,11070.4501953125,11118.099609375,11043.599609375,11069.400390625,263500,0,0
2019-02-08,11023.5,11041.2001953125,10925.4501953125,10943.599609375,352800,0,0
2019-02-11,10930.900390625,10930.900390625,10857.099609375,10888.7998046875,286000,0,0
2019-02-12,10879.7001953125,10910.900390625,10823.7998046875,10831.400390625,292300,0,0
2019-02-14,10786.099609375,10792.7001953125,10718.75,10746.0498046875,627000,0,0
2019-02-15,10780.25,10785.75,10620.400390625,10724.400390625,521900,0,0
2019-02-18,10738.650390625,10759.900390625,10628.400390625,10640.9501953125,345400,0,0
2019-02-19,10636.7001953125,10722.849609375,10585.650390625,10604.349609375,291500,0,0
2019-02-20,10655.4501953125,10752.7001953125,10646.400390625,10735.4501953125,289200,0,0
2019-02-21,10744.099609375,10808.849609375,10721.5,10789.849609375,279600,0,0
2019-02-22,10782.7001953125,10801.5498046875,10758.400390625,10791.650390625,396800,0,0
2019-02-25,10813.25,10887.099609375,10788.0498046875,10880.099609375,385900,0,0
2019-02-26,10775.2998046875,10888.75,10729.2998046875,10835.2998046875,415000,0,0
2019-02-27,10881.2001953125,10939.7001953125,10751.2001953125,10806.650390625,381100,0,0
2019-02-28,10865.7001953125,10865.7001953125,10784.849609375,10792.5,644200,0,0
2019-03-01,10842.650390625,10877.900390625,10823.099609375,10863.5,308500,0,0
2019-03-05,10864.849609375,10994.900390625,10817.0,10987.4501953125,373200,0,0
2019-03-06,11024.849609375,11062.2998046875,10998.849609375,11053.0,372600,0,0
2019-03-07,11077.9501953125,11089.0498046875,11027.099609375,11058.2001953125,321200,0,0
2019-03-08,11038.849609375,11049.0,11008.9501953125,11035.400390625,326600,0,0
2019-03-11,11068.75,11180.900390625,11059.849609375,11168.0498046875,352200,0,0
2019-03-12,11231.349609375,11320.400390625,11227.0,11301.2001953125,391300,0,0
2019-03-13,11326.2001953125,11352.2998046875,11276.599609375,11341.7001953125,383000,0,0
2019-03-14,11382.5,11383.4501953125,11313.75,11343.25,294500,0,0
2019-03-15,11376.849609375,11487.0,11370.7998046875,11426.849609375,463700,0,0
2019-03-18,11473.849609375,11530.150390625,11412.5,11462.2001953125,320300,0,0
2019-03-19,11500.2998046875,11543.849609375,11451.25,11532.400390625,326100,0,0
2019-03-20,11553.349609375,11556.099609375,11503.099609375,11521.0498046875,366300,0,0
2019-03-22,11549.2001953125,11572.7998046875,11434.5498046875,11456.900390625,386200,0,0
2019-03-25,11395.650390625,11395.650390625,11311.599609375,11354.25,294500,0,0
2019-03-26,11375.2001953125,11496.75,11352.4501953125,11483.25,282600,0,0
2019-03-27,11531.4501953125,11546.2001953125,11413.0,11445.0498046875,350400,0,0
2019-03-28,11463.650390625,11588.5,11452.4501953125,11570.0,527700,0,0
2019-04-01,11665.2001953125,11738.099609375,11644.75,11669.150390625,379600,0,0
2019-04-02,11711.5498046875,11729.349609375,11655.849609375,11713.2001953125,386100,0,0
2019-04-03,11735.2998046875,11761.0,11629.150390625,11643.9501953125,365800,0,0
2019-04-04,11660.2001953125,11662.5498046875,11559.2001953125,11598.0,349000,0,0
2019-04-05,11638.400390625,11689.650390625,11609.5,11665.9501953125,266700,0,0
2019-04-08,11704.349609375,11710.2998046875,11549.099609375,11604.5,260900,0,0
2019-04-09,11612.0498046875,11683.900390625,11569.7001953125,11671.9501953125,300500,0,0
2019-04-10,11646.849609375,11680.0498046875,11571.75,11584.2998046875,359900,0,0
2019-04-11,11592.5498046875,11606.7001953125,11550.5498046875,11596.7001953125,279800,0,0
2019-04-12,11612.849609375,11657.349609375,11578.7998046875,11643.4501953125,246000,0,0
2019-04-15,11667.0,11704.599609375,11648.25,11690.349609375,290000,0,0
2019-04-16,11736.2001953125,11810.9501953125,11731.5498046875,11787.150390625,354300,0,0
2019-04-18,11856.150390625,11856.150390625,11738.5,11752.7998046875,339700,0,0
2019-04-22,11727.0498046875,11727.0498046875,11583.9501953125,11594.4501953125,260400,0,0
2019-04-23,11612.9501953125,11645.9501953125,11564.7998046875,11575.9501953125,272500,0,0
2019-04-24,11601.5,11740.849609375,11578.849609375,11726.150390625,335200,0,0
2019-04-25,11735.7001953125,11796.75,11624.2998046875,11641.7998046875,604400,0,0
2019-04-26,11683.75,11762.900390625,11661.75,11754.650390625,333500,0,0
2019-04-30,11748.75,11756.25,11655.900390625,11748.150390625,532600,0,0
2019-05-02,11725.5498046875,11789.2998046875,11699.5498046875,11724.75,380300,0,0
2019-05-03,11722.599609375,11770.900390625,11699.349609375,11712.25,305500,0,0
2019-05-06,11605.7998046875,11632.5498046875,11571.349609375,11598.25,299000,0,0
2019-05-07,11651.5,11657.0498046875,11484.4501953125,11497.900390625,337500,0,0
2019-05-08,11478.7001953125,11479.099609375,11346.9501953125,11359.4501953125,372800,0,0
2019-05-09,11322.400390625,11357.599609375,11255.0498046875,11301.7998046875,373000,0,0
2019-05-10,11314.150390625,11345.7998046875,11251.0498046875,11278.900390625,387300,0,0
2019-05-13,11258.7001953125,11300.2001953125,11125.599609375,11148.2001953125,357600,0,0
2019-05-14,11151.650390625,11294.75,11108.2998046875,11222.0498046875,398100,0,0
2019-05-15,11271.7001953125,11286.7998046875,11136.9501953125,11157.0,414200,0,0
2019-05-16,11180.349609375,11281.5498046875,11143.349609375,11257.099609375,350700,0,0
2019-05-17,11261.900390625,11426.150390625,11259.849609375,11407.150390625,412100,0,0
2019-05-20,11651.900390625,11845.2001953125,11591.7001953125,11828.25,452100,0,0
2019-05-21,11863.650390625,11883.5498046875,11682.7998046875,11709.099609375,381000,0,0
2019-05-22,11727.9501953125,11784.7998046875,11682.400390625,11737.900390625,355900,0,0
2019-05-23,11901.2998046875,12041.150390625,11614.5,11657.0498046875,569000,0,0
2019-05-24,11748.0,11859.0,11658.099609375,11844.099609375,374600,0,0
2019-05-27,11855.5,11957.150390625,11812.400390625,11924.75,348400,0,0
2019-05-28,11958.349609375,11958.5498046875,11864.900390625,11928.75,598300,0,0
2019-05-29,11905.7998046875,11931.900390625,11836.7998046875,11861.099609375,318100,0,0
2019-05-30,11865.2998046875,11968.5498046875,11859.400390625,11945.900390625,421200,0,0
2019-05-31,11999.7998046875,12039.25,11829.4501953125,11922.7998046875,438900,0,0
2019-06-03,11953.75,12103.0498046875,11920.099609375,12088.5498046875,315300,0,0
2019-06-04,12052.650390625,12095.2001953125,12005.849609375,12021.650390625,289200,0,0
2019-06-06,12039.7998046875,12039.7998046875,11830.25,11843.75,415200,0,0
2019-06-07,11865.2001953125,11897.5,11769.5,11870.650390625,302500,0,0
2019-06-10,11934.900390625,11975.0498046875,11871.75,11922.7001953125,303300,0,0
2019-06-11,11959.849609375,12000.349609375,11904.349609375,11965.599609375,332200,0,0
2019-06-12,11962.4501953125,11962.4501953125,11866.349609375,11906.2001953125,283700,0,0
2019-06-13,11873.900390625,11931.349609375,11817.0498046875,11914.0498046875,447900,0,0
2019-06-14,11910.099609375,11911.849609375,11797.7001953125,11823.2998046875,390300,0,0
2019-06-17,11844.0,11844.0498046875,11657.75,11672.150390625,295500,0,0
2019-06-18,11677.0498046875,11727.2001953125,11641.150390625,11691.5,365500,0,0
2019-06-19,11744.4501953125,11802.5,11625.099609375,11691.4501953125,446900,0,0
2019-06-20,11653.650390625,11843.5,11635.0498046875,11831.75,442000,0,0
2019-06-21,11827.599609375,11827.9501953125,11705.099609375,11724.099609375,468400,0,0
2019-06-24,11725.7998046875,11754.0,11670.2001953125,11699.650390625,277600,0,0
2019-06-25,11681.0,11814.400390625,11651.0,11796.4501953125,300500,0,0
2019-06-26,11768.150390625,11871.849609375,11757.5498046875,11847.5498046875,327900,0,0
2019-06-27,11860.849609375,11911.150390625,11821.0498046875,11841.5498046875,480200,0,0
2019-06-28,11861.150390625,11871.7001953125,11775.5,11788.849609375,303900,0,0
2019-07-01,11839.900390625,11884.650390625,11830.7998046875,11865.599609375,278400,0,0
2019-07-02,11890.2998046875,11917.4501953125,11814.7001953125,11910.2998046875,363200,0,0
2019-07-03,11932.150390625,11945.2001953125,11887.0498046875,11916.75,340500,0,0
2019-07-04,11928.7998046875,11969.25,11923.650390625,11946.75,333600,0,0
2019-07-05,11964.75,11981.75,11797.900390625,11811.150390625,530700,0,0
2019-07-08,11770.400390625,11771.900390625,11523.2998046875,11558.599609375,464000,0,0
2019-07-09,11531.599609375,11582.5498046875,11461.0,11555.900390625,442500,0,0
2019-07-10,11536.150390625,11593.7001953125,11475.650390625,11498.900390625,337600,0,0
2019-07-11,11561.4501953125,11599.0,11519.5,11582.900390625,317300,0,0
2019-07-12,11601.150390625,11639.5498046875,11538.599609375,11552.5,359400,0,0
2019-07-15,11614.75,11618.400390625,11532.2998046875,11588.349609375,368800,0,0
2019-07-16,11596.650390625,11670.0498046875,11573.9501953125,11662.599609375,480200,0,0
2019-07-17,11670.75,11706.650390625,11651.150390625,11687.5,464800,0,0
2019-07-18,11675.599609375,11677.150390625,11582.400390625,11596.900390625,498300,0,0
2019-07-19,11627.9501953125,11640.349609375,11399.2998046875,11419.25,446000,0,0
2019-07-22,11392.849609375,11398.150390625,11301.25,11346.2001953125,516000,0,0
2019-07-23,11372.25,11398.150390625,11302.7998046875,11331.0498046875,458900,0,0
2019-07-24,11322.4501953125,11359.75,11229.7998046875,11271.2998046875,413200,0,0
2019-07-25,11290.400390625,11361.400390625,11239.349609375,11252.150390625,553700,0,0
2019-07-26,11247.4501953125,11307.599609375,11210.0498046875,11284.2998046875,522700,0,0
2019-07-29,11307.5,11310.9501953125,11152.400390625,11189.2001953125,482900,0,0
2019-07-30,11213.7001953125,11267.4501953125,11072.650390625,11085.400390625,479100,0,0
2019-07-31,11034.0498046875,11145.2998046875,10999.400390625,11118.0,536700,0,0
2019-08-01,11060.2001953125,11076.75,10881.0,10980.0,499900,0,0
2019-08-02,10930.2998046875,11080.150390625,10848.9501953125,10997.349609375,547400,0,0
2019-08-05,10895.7998046875,10895.7998046875,10782.599609375,10862.599609375,506600,0,0
2019-08-06,10815.400390625,11018.5498046875,10813.7998046875,10948.25,517900,0,0
2019-08-07,10958.099609375,10975.650390625,10835.900390625,10855.5,548500,0,0
2019-08-08,10899.2001953125,11058.0498046875,10842.9501953125,11032.4501953125,482500,0,0
2019-08-09,11087.900390625,11181.4501953125,11062.7998046875,11109.650390625,538100,0,0
2019-08-13,11139.400390625,11145.900390625,10901.599609375,10925.849609375,624600,0,0
2019-08-14,11003.25,11078.150390625,10935.599609375,11029.400390625,511500,0,0
2019-08-16,11043.650390625,11068.650390625,10924.2998046875,11047.7998046875,470900,0,0
2019-08-19,11094.7998046875,11146.900390625,11037.849609375,11053.900390625,369500,0,0
2019-08-20,11063.900390625,11076.2998046875,10985.2998046875,11017.0,444700,0,0
2019-08-21,11018.150390625,11034.2001953125,10906.650390625,10918.7001953125,557900,0,0
2019-08-22,10905.2998046875,10908.25,10718.2998046875,10741.349609375,668200,0,0
2019-08-23,10699.599609375,10862.5498046875,10637.150390625,10829.349609375,667100,0,0
2019-08-26,11000.2998046875,11070.2998046875,10756.5498046875,11057.849609375,684100,0,0
2019-08-27,11106.5498046875,11141.75,11049.5,11105.349609375,685600,0,0
2019-08-28,11101.2998046875,11129.650390625,10987.650390625,11046.099609375,550000,0,0
2019-08-29,10996.0498046875,11021.099609375,10922.400390625,10948.2998046875,649900,0,0
2019-08-30,10987.7998046875,11042.599609375,10874.7998046875,11023.25,628200,0,0
2019-09-03,10960.9501953125,10967.5,10772.7001953125,10797.900390625,483000,0,0
2019-09-04,10790.400390625,10858.75,10746.349609375,10844.650390625,508800,0,0
2019-09-05,10860.9501953125,10920.099609375,10816.0,10847.900390625,595700,0,0
2019-09-06,10883.7998046875,10957.0498046875,10867.4501953125,10946.2001953125,497200,0,0
2019-09-09,10936.7001953125,11028.849609375,10889.7998046875,11003.0498046875,412500,0,0
2019-09-11,11028.5,11054.7998046875,11011.650390625,11035.7001953125,687100,0,0
2019-09-12,11058.2998046875,11081.75,10964.9501953125,10982.7998046875,551400,0,0
2019-09-13,10986.7998046875,11084.4501953125,10945.75,11075.900390625,624300,0,0
2019-09-16,10994.849609375,11052.7001953125,10968.2001953125,11003.5,434500,0,0
2019-09-17,11000.099609375,11000.099609375,10796.5,10817.599609375,482000,0,0
2019-09-18,10872.7998046875,10885.150390625,10804.849609375,10840.650390625,519200,0,0
2019-09-19,10845.2001953125,10845.2001953125,10670.25,10704.7998046875,642600,0,0
2019-09-20,10746.7998046875,11381.900390625,10691.0,11274.2001953125,1356800,0,0
2019-09-23,11542.7001953125,11694.849609375,11471.349609375,11600.2001953125,882800,0,0
2019-09-24,11590.7001953125,11655.0498046875,11539.2001953125,11588.2001953125,651700,0,0
2019-09-25,11564.849609375,11564.9501953125,11416.099609375,11440.2001953125,629100,0,0
2019-09-26,11469.849609375,11610.849609375,11466.349609375,11571.2001953125,844500,0,0
2019-09-27,11556.349609375,11593.599609375,11499.75,11512.400390625,650000,0,0
2019-09-30,11491.150390625,11508.25,11390.7998046875,11474.4501953125,756800,0,0
2019-10-01,11515.400390625,11554.2001953125,11247.900390625,11359.900390625,1305400,0,0
2019-10-03,11322.25,11370.400390625,11257.349609375,11314.0,1017500,0,0
2019-10-04,11388.4501953125,11400.2998046875,11158.349609375,11174.75,928500,0,0
2019-10-07,11196.2001953125,11233.849609375,11112.650390625,11126.400390625,733200,0,0
2019-10-09,11152.9501953125,11321.599609375,11090.150390625,11313.2998046875,741100,0,0
2019-10-10,11280.5,11293.349609375,11208.5498046875,11234.5498046875,562000,0,0
2019-10-11,11257.7001953125,11362.900390625,11189.400390625,11305.0498046875,737800,0,0
2019-10-14,11335.900390625,11420.4501953125,11290.0498046875,11341.150390625,587600,0,0
2019-10-15,11360.849609375,11462.349609375,11342.099609375,11428.2998046875,527400,0,0
2019-10-16,11464.9501953125,11481.0498046875,11411.099609375,11464.0,533500,0,0
2019-10-17,11466.2998046875,11599.099609375,11439.650390625,11586.349609375,797600,0,0
2019-10-18,11580.2998046875,11684.7001953125,11553.150390625,11661.849609375,853400,0,0
2019-10-22,11657.150390625,11714.349609375,11573.650390625,11588.349609375,867600,0,0
2019-10-23,11596.2001953125,11651.599609375,11554.400390625,11604.099609375,664200,0,0
2019-10-24,11661.650390625,11679.599609375,11534.650390625,11582.599609375,700500,0,0
2019-10-25,11646.150390625,11646.900390625,11490.75,11583.900390625,812000,0,0
2019-10-29,11643.9501953125,11809.400390625,11627.349609375,11786.849609375,951700,0,0
2019-10-30,11883.900390625,11883.9501953125,11784.4501953125,11844.099609375,725200,0,0
2019-10-31,11890.4501953125,11945.0,11855.099609375,11877.4501953125,1414800,0,0
2019-11-01,11886.599609375,11918.2998046875,11843.349609375,11890.599609375,855300,0,0
2019-11-04,11928.900390625,11989.150390625,11905.349609375,11941.2998046875,823100,0,0
2019-11-05,11974.599609375,11978.9501953125,11861.900390625,11917.2001953125,632000,0,0
2019-11-06,11911.5,12002.900390625,11850.25,11966.0498046875,603400,0,0
2019-11-07,12021.099609375,12021.400390625,11946.849609375,12012.0498046875,563000,0,0
2019-11-08,11987.150390625,12034.150390625,11888.75,11908.150390625,789300,0,0
2019-11-11,11879.2001953125,11932.650390625,11853.9501953125,11913.4501953125,549000,0,0
2019-11-13,11908.2998046875,11946.7998046875,11823.2001953125,11840.4501953125,659000,0,0
2019-11-14,11858.75,11895.650390625,11802.650390625,11872.099609375,559500,0,0
2019-11-15,11904.2001953125,11973.650390625,11879.25,11895.4501953125,580200,0,0
2019-11-18,11915.150390625,11946.2001953125,11867.599609375,11884.5,514400,0,0
2019-11-19,11919.4501953125,11958.849609375,11881.75,11940.099609375,613900,0,0
2019-11-20,12004.75,12038.599609375,11966.0498046875,11999.099609375,646700,0,0
2019-11-21,12025.650390625,12028.2001953125,11956.900390625,11968.400390625,557700,0,0
2019-11-22,11967.2998046875,11968.099609375,11883.5,11914.400390625,486800,0,0
2019-11-25,11922.4501953125,12084.5,11919.75,12073.75,534300,0,0
2019-11-26,12110.2001953125,12132.4501953125,12006.349609375,12037.7001953125,1201300,0,0
2019-11-27,12068.5,12114.900390625,12055.150390625,12100.7001953125,584200,0,0
2019-11-28,12132.099609375,12158.7998046875,12099.9501953125,12151.150390625,620500,0,0
2019-11-29,12146.2001953125,12147.400390625,12017.400390625,12056.0498046875,804400,0,0
2019-12-02,12137.0498046875,12137.150390625,12023.7001953125,12048.2001953125,720900,0,0
2019-12-03,12067.650390625,12068.599609375,11956.400390625,11994.2001953125,605800,0,0
2019-12-04,11969.9501953125,12054.7001953125,11935.2998046875,12043.2001953125,747200,0,0
2019-12-05,12071.25,12081.2001953125,11998.75,12018.400390625,562200,0,0
2019-12-06,12047.349609375,12057.0498046875,11888.849609375,11921.5,609200,0,0
2019-12-09,11939.099609375,11981.9501953125,11888.0498046875,11937.5,599100,0,0
2019-12-10,11950.5,11953.2001953125,11844.7001953125,11856.7998046875,650200,0,0
2019-12-11,11867.349609375,11923.2001953125,11832.2998046875,11910.150390625,997700,0,0
2019-12-12,11944.2998046875,12005.5,11934.0,11971.7998046875,752600,0,0
2019-12-13,12026.400390625,12098.849609375,12023.599609375,12086.7001953125,597700,0,0
2019-12-16,12131.349609375,12134.650390625,12046.2998046875,12053.9501953125,437700,0,0
2019-12-17,12082.4501953125,12182.75,12070.349609375,12165.0,499600,0,0
2019-12-18,12197.0,12237.7001953125,12163.4501953125,12221.650390625,518900,0,0
2019-12-19,12223.400390625,12268.349609375,12191.150390625,12259.7001953125,623100,0,0
2019-12-20,12266.4501953125,12293.900390625,12252.75,12271.7998046875,810700,0,0
2019-12-23,12235.4501953125,12287.150390625,12213.25,12262.75,604800,0,0
2019-12-24,12269.25,12283.7001953125,12202.099609375,12214.5498046875,470300,0,0
2019-12-26,12211.849609375,12221.5498046875,12118.849609375,12126.5498046875,520300,0,0
2019-12-27,12172.900390625,12258.4501953125,12157.900390625,12245.7998046875,383800,0,0
2019-12-30,12274.900390625,12286.4501953125,12213.7998046875,12255.849609375,411100,0,0
2019-12-31,12247.099609375,12247.099609375,12151.7998046875,12168.4501953125,426900,0,0
2020-01-01,12202.150390625,12222.2001953125,12165.2998046875,12182.5,304100,0,0
2020-01-02,12198.5498046875,12289.900390625,12195.25,12282.2001953125,407700,0,0
2020-01-03,12261.099609375,12265.599609375,12191.349609375,12226.650390625,428800,0,0
2020-01-06,12170.599609375,12179.099609375,11974.2001953125,11993.0498046875,396500,0,0
2020-01-07,12079.099609375,12152.150390625,12005.349609375,12052.9501953125,447800,0,0
2020-01-08,11939.099609375,12044.9501953125,11929.599609375,12025.349609375,446000,0,0
2020-01-09,12153.150390625,12224.0498046875,12132.5498046875,12215.900390625,477500,0,0
2020-01-10,12271.0,12311.2001953125,12213.2001953125,12256.7998046875,660600,0,0
2020-01-13,12296.7001953125,12337.75,12285.7998046875,12329.5498046875,501000,0,0
2020-01-14,12333.099609375,12374.25,12308.7001953125,12362.2998046875,616300,0,0
2020-01-15,12349.400390625,12355.150390625,12278.75,12343.2998046875,684400,0,0
2020-01-16,12347.099609375,12389.0498046875,12315.7998046875,12355.5,395700,0,0
2020-01-17,12328.400390625,12385.4501953125,12321.400390625,12352.349609375,502100,0,0
2020-01-20,12430.5,12430.5,12216.900390625,12224.5498046875,491600,0,0
2020-01-21,12195.2998046875,12230.0498046875,12162.2998046875,12169.849609375,400,0,0
2020-01-22,12218.349609375,12225.0498046875,12087.900390625,12106.900390625,500,0,0
2020-01-23,12123.75,12189.0,12094.099609375,12180.349609375,867700,0,0
2020-01-24,12174.5498046875,12272.150390625,12149.650390625,12248.25,593200,0,0
2020-01-27,12197.099609375,12216.599609375,12107.0,12119.0,441200,0,0
2020-01-28,12148.099609375,12163.5498046875,12024.5,12055.7998046875,478500,0,0
2020-01-29,12114.900390625,12169.599609375,12103.7998046875,12129.5,514400,0,0
2020-01-30,12147.75,12150.2998046875,12010.599609375,12035.7998046875,538100,0,0
2020-01-31,12100.400390625,12103.5498046875,11945.849609375,11962.099609375,771300,0,0
2020-02-03,11627.4501953125,11749.849609375,11614.5,11707.900390625,669800,0,0
2020-02-04,11786.25,11986.150390625,11783.400390625,11979.650390625,560400,0,0
2020-02-05,12005.849609375,12098.150390625,11953.349609375,12089.150390625,758000,0,0
2020-02-06,12120.0,12160.599609375,12084.650390625,12137.9501953125,565100,0,0
2020-02-07,12151.150390625,12154.7001953125,12073.9501953125,12098.349609375,473500,0,0
2020-02-10,12102.349609375,12103.5498046875,11990.75,12031.5,524700,0,0
2020-02-11,12108.400390625,12172.2998046875,12099.0,12107.900390625,480000,0,0
2020-02-12,12151.0,12231.75,12144.2998046875,12201.2001953125,411700,0,0
2020-02-13,12219.5498046875,12225.650390625,12139.7998046875,12174.650390625,501200,0,0
2020-02-14,12190.150390625,12246.7001953125,12091.2001953125,12113.4501953125,622800,0,0
2020-02-17,12131.7998046875,12159.599609375,12037.0,12045.7998046875,0,0,0
2020-02-18,12028.25,12030.75,11908.0498046875,11992.5,676900,0,0
2020-02-19,12090.599609375,12134.7001953125,12042.099609375,12125.900390625,513600,0,0
2020-02-20,12119.0,12152.0,12071.4501953125,12080.849609375,502600,0,0
2020-02-24,12012.5498046875,12012.5498046875,11813.400390625,11829.400390625,490800,0,0
2020-02-25,11877.5,11883.0498046875,11779.900390625,11797.900390625,461000,0,0
2020-02-26,11738.5498046875,11783.25,11639.599609375,11678.5,567600,0,0
2020-02-27,11661.25,11663.849609375,11536.7001953125,11633.2998046875,608600,0,0
2020-02-28,11382.0,11384.7998046875,11175.0498046875,11201.75,809900,0,0
2020-03-02,11387.349609375,11433.0,11036.25,11132.75,680800,0,0
2020-03-03,11217.5498046875,11342.25,11152.5498046875,11303.2998046875,696500,0,0
2020-03-04,11351.349609375,11356.599609375,11082.150390625,11251.0,797700,0,0
2020-03-05,11306.0498046875,11389.5,11244.599609375,11269.0,1352500,0,0
2020-03-06,10942.650390625,11035.099609375,10827.400390625,10989.4501953125,1811000,0,0
2020-03-09,10742.0498046875,10751.5498046875,10294.4501953125,10451.4501953125,1565500,0,0
2020-03-11,10334.2998046875,10545.099609375,10334.0,10458.400390625,1218500,0,0
2020-03-12,10039.9501953125,10040.75,9508.0,9590.150390625,1343500,0,0
2020-03-13,9107.599609375,10159.400390625,8555.150390625,9955.2001953125,1388000,0,0
2020-03-16,9587.7998046875,9602.2001953125,9165.099609375,9197.400390625,897700,0,0
2020-03-17,9285.400390625,9403.7998046875,8915.599609375,8967.0498046875,935600,0,0
2020-03-18,9088.4501953125,9127.5498046875,8407.0498046875,8468.7998046875,1516600,0,0
2020-03-19,8063.2998046875,8575.4501953125,7832.5498046875,8263.4501953125,925700,0,0
2020-03-20,8284.4501953125,8883.0,8178.2001953125,8745.4501953125,1071500,0,0
2020-03-23,7945.7001953125,8159.25,7583.60009765625,7610.25,653500,0,0
2020-03-24,7848.2998046875,8036.9501953125,7511.10009765625,7801.0498046875,738400,0,0
2020-03-25,7735.14990234375,8376.75,7714.75,8317.849609375,736900,0,0
2020-03-26,8451.0,8749.0498046875,8304.900390625,8641.4501953125,865600,0,0
2020-03-27,8949.099609375,9038.900390625,8522.900390625,8660.25,801500,0,0
2020-03-30,8385.9501953125,8576.0,8244.0,8281.099609375,593300,0,0
2020-03-31,8529.349609375,8678.2998046875,8358.0,8597.75,712700,0,0
2020-04-01,8584.099609375,8588.099609375,8198.349609375,8253.7998046875,506300,0,0
2020-04-03,8356.5498046875,8356.5498046875,8055.7998046875,8083.7998046875,697000,0,0
2020-04-07,8446.2998046875,8819.400390625,8360.9501953125,8792.2001953125,814200,0,0
2020-04-08,8688.900390625,9131.7001953125,8653.900390625,8748.75,896500,0,0
2020-04-09,8973.0498046875,9128.349609375,8904.5498046875,9111.900390625,742100,0,0
2020-04-13,9103.9501953125,9112.0498046875,8912.400390625,8993.849609375,644000,0,0
2020-04-15,9196.400390625,9261.2001953125,8874.099609375,8925.2998046875,879100,0,0
2020-04-16,8851.25,9053.75,8821.900390625,8992.7998046875,719400,0,0
2020-04-17,9323.4501953125,9324.0,9091.349609375,9266.75,684200,0,0
2020-04-20,9390.2001953125,9390.849609375,9230.7998046875,9261.849609375,726400,0,0
2020-04-21,9016.9501953125,9044.400390625,8909.400390625,8981.4501953125,655100,0,0
2020-04-22,9026.75,9209.75,8946.25,9187.2998046875,734400,0,0
2020-04-23,9232.349609375,9343.599609375,9170.150390625,9313.900390625,666700,0,0
2020-04-24,9163.900390625,9296.900390625,9141.2998046875,9154.400390625,659400,0,0
2020-04-27,9259.7001953125,9377.099609375,9250.349609375,9282.2998046875,512800,0,0
2020-04-28,9389.7998046875,9404.400390625,9260.0,9380.900390625,614500,0,0
2020-04-29,9408.599609375,9599.849609375,9392.349609375,9553.349609375,653000,0,0
2020-04-30,9753.5,9889.0498046875,9731.5,9859.900390625,931200,0,0
2020-05-04,9533.5,9533.5,9266.9501953125,9293.5,687500,0,0
2020-05-05,9429.400390625,9450.900390625,9190.75,9205.599609375,725200,0,0
2020-05-06,9226.7998046875,9346.900390625,9116.5,9270.900390625,722200,0,0
2020-05-07,9234.0498046875,9277.849609375,9175.900390625,9199.0498046875,708700,0,0
2020-05-08,9376.9501953125,9382.650390625,9238.2001953125,9251.5,609100,0,0
2020-05-11,9348.150390625,9439.900390625,9219.9501953125,9239.2001953125,704600,0,0
2020-05-12,9168.849609375,9240.849609375,9043.9501953125,9196.5498046875,805500,0,0
2020-05-13,9584.2001953125,9584.5,9351.099609375,9383.5498046875,846400,0,0
2020-05-14,9213.9501953125,9281.099609375,9119.75,9142.75,602600,0,0
2020-05-15,9182.400390625,9182.400390625,9050.0,9136.849609375,575900,0,0
2020-05-18,9158.2998046875,9158.2998046875,8806.75,8823.25,773000,0,0
2020-05-19,8961.7001953125,9030.349609375,8855.2998046875,8879.099609375,762200,0,0
2020-05-20,8889.150390625,9093.7998046875,8875.349609375,9066.5498046875,622300,0,0
2020-05-21,9079.4501953125,9178.5498046875,9056.099609375,9106.25,631500,0,0
2020-05-22,9067.900390625,9149.599609375,8968.5498046875,9039.25,675800,0,0
2020-05-26,9099.75,9161.650390625,8996.650390625,9029.0498046875,655000,0,0
2020-05-27,9082.2001953125,9334.0,9004.25,9314.9501953125,763500,0,0
2020-05-28,9364.9501953125,9511.25,9336.5,9490.099609375,837900,0,0
2020-05-29,9422.2001953125,9598.849609375,9376.900390625,9580.2998046875,967000,0,0
2020-06-01,9726.849609375,9931.599609375,9706.9501953125,9826.150390625,794200,0,0
2020-06-02,9880.849609375,9995.599609375,9824.0498046875,9979.099609375,770200,0,0
2020-06-03,10108.2998046875,10176.2001953125,10035.5498046875,10061.5498046875,794700,0,0
2020-06-04,10054.25,10123.849609375,9944.25,10029.099609375,775100,0,0
2020-06-05,10093.7998046875,10177.7998046875,10040.75,10142.150390625,987100,0,0
2020-06-08,10326.75,10328.5,10120.25,10167.4501953125,936500,0,0
2020-06-09,10181.150390625,10291.150390625,10021.4501953125,10046.650390625,754200,0,0
2020-06-10,10072.599609375,10148.75,10036.849609375,10116.150390625,632400,0,0
2020-06-11,10094.099609375,10112.0498046875,9885.0498046875,9902.0,715500,0,0
2020-06-12,9544.9501953125,9996.0498046875,9544.349609375,9972.900390625,796300,0,0
2020-06-15,9919.349609375,9943.349609375,9726.349609375,9813.7001953125,716100,0,0
2020-06-16,10014.7998046875,10046.150390625,9728.5,9914.0,899900,0,0
2020-06-17,9876.7001953125,10003.599609375,9833.7998046875,9881.150390625,685400,0,0
2020-06-18,9863.25,10111.2001953125,9845.0498046875,10091.650390625,622900,0,0
2020-06-19,10119.0,10272.400390625,10072.650390625,10244.400390625,892100,0,0
2020-06-22,10318.75,10393.650390625,10277.599609375,10311.2001953125,685400,0,0
2020-06-23,10347.9501953125,10484.7001953125,10301.75,10471.0,669200,0,0
2020-06-24,10529.25,10553.150390625,10281.9501953125,10305.2998046875,854800,0,0
2020-06-25,10235.5498046875,10361.7998046875,10194.5,10288.900390625,994200,0,0
2020-06-26,10378.900390625,10409.849609375,10311.25,10383.0,671900,0,0
2020-06-29,10311.9501953125,10337.9501953125,10223.599609375,10312.400390625,574500,0,0
2020-06-30,10382.599609375,10401.0498046875,10267.349609375,10302.099609375,556200,0,0
2020-07-01,10323.7998046875,10447.0498046875,10299.599609375,10430.0498046875,573600,0,0
2020-07-02,10493.0498046875,10598.2001953125,10485.5498046875,10551.7001953125,597400,0,0
2020-07-03,10614.9501953125,10631.2998046875,10562.650390625,10607.349609375,525200,0,0
2020-07-06,10723.849609375,10811.400390625,10695.099609375,10763.650390625,571200,0,0
2020-07-07,10802.849609375,10813.7998046875,10689.7001953125,10799.650390625,636800,0,0
2020-07-08,10818.650390625,10847.849609375,10676.5498046875,10705.75,767900,0,0
2020-07-09,10755.5498046875,10836.849609375,10733.0,10813.4501953125,618700,0,0
2020-07-10,10764.099609375,10819.400390625,10713.0,10768.0498046875,590700,0,0
2020-07-13,10851.849609375,10894.0498046875,10756.0498046875,10802.7001953125,554100,0,0
2020-07-14,10750.849609375,10755.650390625,10562.900390625,10607.349609375,532400,0,0
2020-07-15,10701.0,10827.4501953125,10577.75,10618.2001953125,715900,0,0
2020-07-16,10706.2001953125,10755.2998046875,10595.2001953125,10739.9501953125,694400,0,0
2020-07-17,10752.0,10933.4501953125,10749.650390625,10901.7001953125,676900,0,0
2020-07-20,10999.4501953125,11037.900390625,10953.0,11022.2001953125,554300,0,0
2020-07-21,11126.099609375,11179.5498046875,11113.25,11162.25,772000,0,0
2020-07-22,11231.2001953125,11238.099609375,11056.5498046875,11132.599609375,765100,0,0
2020-07-23,11135.0,11239.7998046875,11103.150390625,11215.4501953125,621600,0,0
2020-07-24,11149.9501953125,11225.400390625,11090.2998046875,11194.150390625,678900,0,0
2020-07-27,11225.0,11225.0,11087.849609375,11131.7998046875,588100,0,0
2020-07-28,11154.099609375,11317.75,11151.400390625,11300.5498046875,683900,0,0
2020-07-29,11276.900390625,11341.400390625,11149.75,11202.849609375,600700,0,0
2020-07-30,11254.2998046875,11299.9501953125,11084.9501953125,11102.150390625,677800,0,0
2020-07-31,11139.5,11150.400390625,11026.650390625,11073.4501953125,642600,0,0
2020-08-03,11057.5498046875,11058.0498046875,10882.25,10891.599609375,680900,0,0
2020-08-04,10946.650390625,11112.25,10908.099609375,11095.25,625700,0,0
2020-08-05,11155.75,11225.650390625,11064.0498046875,11101.650390625,667600,0,0
2020-08-06,11185.7001953125,11256.7998046875,11127.2998046875,11200.150390625,600400,0,0
2020-08-07,11186.650390625,11231.900390625,11142.0498046875,11214.0498046875,452600,0,0
2020-08-10,11270.25,11337.2998046875,11238.0,11270.150390625,492000,0,0
2020-08-11,11322.25,11373.599609375,11299.150390625,11322.5,586100,0,0
2020-08-12,11289.0,11322.0,11242.650390625,11308.400390625,609900,0,0
2020-08-13,11334.849609375,11359.2998046875,11269.9501953125,11300.4501953125,562400,0,0
2020-08-14,11353.2998046875,11366.25,11111.4501953125,11178.400390625,645100,0,0
2020-08-17,11248.900390625,11267.099609375,11144.5,11247.099609375,634000,0,0
2020-08-18,11259.7998046875,11401.7001953125,11253.150390625,11385.349609375,579200,0,0
2020-08-19,11452.150390625,11460.349609375,11394.099609375,11408.400390625,626200,0,0
2020-08-20,11317.4501953125,11361.4501953125,11289.7998046875,11312.2001953125,791600,0,0
2020-08-21,11409.650390625,11418.5,11362.2001953125,11371.599609375,668700,0,0
2020-08-24,11412.0,11497.25,11410.650390625,11466.4501953125,532900,0,0
2020-08-25,11513.099609375,11525.900390625,11423.349609375,11472.25,638200,0,0
2020-08-26,11512.849609375,11561.75,11461.849609375,11549.599609375,743400,0,0
2020-08-27,11609.2998046875,11617.349609375,11540.599609375,11559.25,719800,0,0
2020-08-28,11602.9501953125,11686.0498046875,11589.400390625,11647.599609375,807000,0,0
2020-08-31,11777.5498046875,11794.25,11325.849609375,11387.5,1371800,0,0
2020-09-01,11464.2998046875,11553.5498046875,11366.900390625,11470.25,783800,0,0
2020-09-02,11478.5498046875,11554.75,11430.400390625,11535.0,593500,0,0
2020-09-03,11566.2001953125,11584.9501953125,11507.650390625,11527.4501953125,607100,0,0
2020-09-04,11354.400390625,11452.0498046875,11303.650390625,11333.849609375,681300,0,0
2020-09-07,11359.599609375,11381.150390625,11251.7001953125,11355.0498046875,560300,0,0
2020-09-08,11378.5498046875,11437.25,11290.4501953125,11317.349609375,572200,0,0
2020-09-09,11218.599609375,11298.150390625,11185.150390625,11278.0,728900,0,0
2020-09-10,11363.2998046875,11464.0498046875,11327.400390625,11449.25,679400,0,0
2020-09-11,11447.7998046875,11493.5,11419.900390625,11464.4501953125,554800,0,0
2020-09-14,11540.150390625,11568.900390625,11383.5498046875,11440.0498046875,642300,0,0
2020-09-15,11487.2001953125,11535.9501953125,11442.25,11521.7998046875,506700,0,0
2020-09-16,11538.4501953125,11618.099609375,11516.75,11604.5498046875,527800,0,0
2020-09-17,11539.400390625,11587.2001953125,11498.5,11516.099609375,0,0,0
2020-09-18,11584.099609375,11584.099609375,11446.099609375,11504.9501953125,764200,0,0
2020-09-21,11503.7998046875,11535.25,11218.5,11250.5498046875,602900,0,0
2020-09-22,11301.75,11302.2001953125,11084.650390625,11153.650390625,672200,0,0
2020-09-23,11258.75,11259.5498046875,11024.400390625,11131.849609375,714900,0,0
2020-09-24,11011.0,11015.2998046875,10790.2001953125,10805.5498046875,706100,0,0
2020-09-25,10910.400390625,11072.599609375,10854.849609375,11050.25,559600,0,0
2020-09-28,11140.849609375,11239.349609375,11099.849609375,11227.5498046875,472800,0,0
2020-09-29,11288.599609375,11305.400390625,11181.0,11222.400390625,498300,0,0
2020-09-30,11244.4501953125,11295.400390625,11184.5498046875,11247.5498046875,499300,0,0
2020-10-01,11364.4501953125,11428.599609375,11347.0498046875,11416.9501953125,447700,0,0
2020-10-05,11487.7998046875,11578.0498046875,11452.2998046875,11503.349609375,530600,0,0
2020-10-06,11603.4501953125,11680.2998046875,11564.2998046875,11662.400390625,561400,0,0
2020-10-07,11679.25,11763.0498046875,11629.349609375,11738.849609375,513400,0,0
2020-10-08,11835.400390625,11905.7001953125,11791.150390625,11834.599609375,608800,0,0
2020-10-09,11852.0498046875,11938.599609375,11805.2001953125,11914.2001953125,611100,0,0
2020-10-12,11973.5498046875,12022.0498046875,11867.2001953125,11930.9501953125,522600,0,0
2020-10-13,11934.650390625,11988.2001953125,11888.900390625,11934.5,458300,0,0
2020-10-14,11917.400390625,11997.2001953125,11822.150390625,11971.0498046875,569200,0,0
2020-10-15,12023.4501953125,12025.4501953125,11661.2998046875,11680.349609375,608900,0,0
2020-10-16,11727.400390625,11789.75,11667.849609375,11762.4501953125,555800,0,0
2020-10-19,11879.2001953125,11898.25,11820.400390625,11873.0498046875,541400,0,0
2020-10-20,11861.0,11949.25,11837.25,11896.7998046875,453600,0,0
2020-10-21,11958.5498046875,12018.650390625,11775.75,11937.650390625,623700,0,0
2020-10-22,11890.0,11939.5498046875,11823.4501953125,11896.4501953125,544900,0,0
2020-10-23,11957.900390625,11974.5498046875,11908.75,11930.349609375,502300,0,0
2020-10-26,11937.400390625,11942.849609375,11711.7001953125,11767.75,519800,0,0
2020-10-27,11807.099609375,11899.0498046875,11723.0,11889.400390625,616300,0,0
2020-10-28,11922.599609375,11929.400390625,11684.849609375,11729.599609375,704000,0,0
2020-10-29,11633.2998046875,11744.150390625,11606.4501953125,11670.7998046875,555000,0,0
2020-10-30,11678.4501953125,11748.9501953125,11535.4501953125,11642.400390625,553700,0,0
2020-11-02,11697.349609375,11725.650390625,11557.400390625,11669.150390625,568400,0,0
2020-11-03,11734.4501953125,11836.2001953125,11723.2998046875,11813.5,674300,0,0
2020-11-04,11783.349609375,11929.650390625,11756.400390625,11908.5,667300,0,0
2020-11-05,12062.400390625,12131.099609375,12027.599609375,12120.2998046875,632500,0,0
2020-11-06,12156.650390625,12280.400390625,12131.849609375,12263.5498046875,576800,0,0
2020-11-09,12399.400390625,12474.0498046875,12367.349609375,12461.0498046875,553400,0,0
2020-11-10,12556.400390625,12643.900390625,12475.25,12631.099609375,847500,0,0
2020-11-11,12680.599609375,12769.75,12571.099609375,12749.150390625,880500,0,0
2020-11-12,12702.150390625,12741.150390625,12624.849609375,12690.7998046875,622000,0,0
2020-11-13,12659.7001953125,12735.9501953125,12607.7001953125,12719.9501953125,513900,0,0
2020-11-17,12932.5,12934.0498046875,12797.099609375,12874.2001953125,707700,0,0
2020-11-18,12860.099609375,12948.849609375,12819.349609375,12938.25,731300,0,0
2020-11-19,12839.5,12963.0,12745.75,12771.7001953125,768800,0,0
2020-11-20,12813.400390625,12892.4501953125,12730.25,12859.0498046875,664000,0,0
2020-11-23,12960.2998046875,12968.849609375,12825.7001953125,12926.4501953125,633100,0,0
2020-11-24,13002.599609375,13079.099609375,12978.0,13055.150390625,571900,0,0
2020-11-25,13130.0,13145.849609375,12833.650390625,12858.400390625,679000,0,0
2020-11-26,12906.4501953125,13018.0,12790.400390625,12987.0,549800,0,0
2020-11-27,13012.0498046875,13035.2998046875,12914.2998046875,12968.9501953125,1162400,0,0
2020-12-01,13062.2001953125,13128.400390625,12962.7998046875,13109.0498046875,583600,0,0
2020-12-02,13121.400390625,13128.5,12983.5498046875,13113.75,717700,0,0
2020-12-03,13215.2998046875,13216.599609375,13107.900390625,13133.900390625,713700,0,0
2020-12-04,13177.400390625,13280.0498046875,13152.849609375,13258.5498046875,640500,0,0
2020-12-07,13264.849609375,13366.650390625,13241.9501953125,13355.75,591700,0,0
2020-12-08,13393.849609375,13435.4501953125,13311.0498046875,13392.9501953125,543200,0,0
2020-12-09,13458.099609375,13548.900390625,13449.599609375,13529.099609375,502600,0,0
2020-12-10,13488.5,13503.5498046875,13399.2998046875,13478.2998046875,553400,0,0
2020-12-11,13512.2998046875,13579.349609375,13402.849609375,13513.849609375,787700,0,0
2020-12-14,13571.4501953125,13597.5,13472.4501953125,13558.150390625,558400,0,0
2020-12-15,13547.2001953125,13589.650390625,13447.0498046875,13567.849609375,497600,0,0
2020-12-16,13663.099609375,13692.349609375,13606.4501953125,13682.7001953125,462200,0,0
2020-12-17,13713.5498046875,13773.25,13673.5498046875,13740.7001953125,416000,0,0
2020-12-18,13764.400390625,13772.849609375,13658.599609375,13760.5498046875,519400,0,0
2020-12-21,13741.900390625,13777.5,13131.4501953125,13328.400390625,687300,0,0
2020-12-22,13373.650390625,13492.0498046875,13192.900390625,13466.2998046875,696200,0,0
2020-12-23,13473.5,13619.4501953125,13432.2001953125,13601.099609375,458700,0,0
2020-12-24,13672.150390625,13771.75,13626.900390625,13749.25,471400,0,0
2020-12-28,13815.150390625,13885.2998046875,13811.5498046875,13873.2001953125,403600,0,0
2020-12-29,13910.349609375,13967.599609375,13859.900390625,13932.599609375,439600,0,0
2020-12-30,13980.900390625,13997.0,13864.9501953125,13981.9501953125,380700,0,0
2020-12-31,13970.0,14024.849609375,13936.4501953125,13981.75,452400,0,0
2021-01-04,14104.349609375,14147.9501953125,13953.75,14132.900390625,495000,0,0
2021-01-05,14075.150390625,14215.599609375,14048.150390625,14199.5,492500,0,0
2021-01-06,14240.9501953125,14244.150390625,14039.900390625,14146.25,632300,0,0
2021-01-07,14253.75,14256.25,14123.099609375,14137.349609375,559200,0,0
2021-01-08,14258.400390625,14367.2998046875,14221.650390625,14347.25,613500,0,0
2021-01-11,14474.0498046875,14498.2001953125,14383.099609375,14484.75,672900,0,0
2021-01-12,14473.7998046875,14590.650390625,14432.849609375,14563.4501953125,929600,0,0
2021-01-13,14639.7998046875,14653.349609375,14435.7001953125,14564.849609375,874000,0,0
2021-01-14,14550.0498046875,14617.7998046875,14471.5,14595.599609375,620200,0,0
2021-01-15,14594.349609375,14617.4501953125,14357.849609375,14433.7001953125,789600,0,0
2021-01-18,14453.2998046875,14459.150390625,14222.7998046875,14281.2998046875,762000,0,0
2021-01-19,14371.650390625,14546.0498046875,14350.849609375,14521.150390625,546100,0,0
2021-01-20,14538.2998046875,14666.4501953125,14517.5498046875,14644.7001953125,623100,0,0
2021-01-21,14730.9501953125,14753.5498046875,14517.25,14590.349609375,704600,0,0
2021-01-22,14583.400390625,14619.900390625,14357.75,14371.900390625,776800,0,0
2021-01-25,14477.7998046875,14491.099609375,14218.599609375,14238.900390625,618600,0,0
2021-01-27,14237.9501953125,14237.9501953125,13929.2998046875,13967.5,660700,0,0
2021-01-28,13810.400390625,13898.25,13713.25,13817.5498046875,637900,0,0
2021-01-29,13946.599609375,13966.849609375,13596.75,13634.599609375,753200,0,0
2021-02-01,13758.599609375,14336.349609375,13661.75,14281.2001953125,870500,0,0
2021-02-02,14481.099609375,14731.7001953125,14469.150390625,14647.849609375,915000,0,0
2021-02-03,14754.900390625,14868.849609375,14574.150390625,14789.9501953125,869500,0,0
2021-02-04,14789.0498046875,14913.7001953125,14714.75,14895.650390625,884700,0,0
2021-02-05,14952.599609375,15014.650390625,14864.75,14924.25,935600,0,0
2021-02-08,15064.2998046875,15159.900390625,15041.0498046875,15115.7998046875,671200,0,0
2021-02-09,15164.150390625,15257.099609375,15064.2998046875,15109.2998046875,713300,0,0
2021-02-10,15119.0498046875,15168.25,14977.2001953125,15106.5,624800,0,0
2021-02-11,15073.25,15188.5,15065.400390625,15173.2998046875,500100,0,0
2021-02-12,15186.2001953125,15243.5,15081.0,15163.2998046875,571800,0,0
2021-02-15,15270.2998046875,15340.150390625,15243.400390625,15314.7001953125,456000,0,0
2021-02-16,15371.4501953125,15431.75,15242.2001953125,15313.4501953125,648500,0,0
2021-02-17,15279.900390625,15314.2998046875,15170.75,15208.900390625,504800,0,0
2021-02-18,15238.7001953125,15250.75,15078.0498046875,15118.9501953125,770600,0,0
2021-02-19,15074.7998046875,15144.0498046875,14898.2001953125,14981.75,712200,0,0
2021-02-22,14999.0498046875,15010.099609375,14635.0498046875,14675.7001953125,609900,0,0
2021-02-23,14782.25,14854.5,14651.849609375,14707.7998046875,744100,0,0
2021-02-24,14729.150390625,15008.7998046875,14504.5,14982.0,403800,0,0
2021-02-25,15079.849609375,15176.5,15065.349609375,15097.349609375,803900,0,0
2021-02-26,14888.599609375,14919.4501953125,14467.75,14529.150390625,1103600,0,0
2021-03-01,14702.5,14806.7998046875,14638.5498046875,14761.5498046875,507300,0,0
2021-03-02,14865.2998046875,14959.099609375,14760.7998046875,14919.099609375,621700,0,0
2021-03-03,15064.400390625,15273.150390625,14995.7998046875,15245.599609375,544200,0,0
2021-03-04,15026.75,15202.349609375,14980.2001953125,15080.75,534900,0,0
2021-03-05,14977.9501953125,15092.349609375,14862.099609375,14938.099609375,640700,0,0
2021-03-08,15002.4501953125,15111.150390625,14919.900390625,14956.2001953125,0,0,0
2021-03-09,15049.900390625,15126.849609375,14925.4501953125,15098.400390625,675300,0,0
2021-03-10,15202.150390625,15218.4501953125,15100.849609375,15174.7998046875,404600,0,0
2021-03-12,15321.150390625,15336.2998046875,14953.599609375,15030.9501953125,493200,0,0
2021-03-15,15048.400390625,15048.400390625,14745.849609375,14929.5,467500,0,0
2021-03-16,14996.099609375,15051.599609375,14890.650390625,14910.4501953125,100,0,0
2021-03-17,14946.5498046875,14956.5498046875,14696.0498046875,14721.2998046875,100,0,0
2021-03-18,14855.5,14875.2001953125,14478.599609375,14557.849609375,542200,0,0
2021-03-19,14471.150390625,14788.25,14350.099609375,14744.0,919200,0,0
2021-03-22,14736.2998046875,14763.900390625,14597.849609375,14736.400390625,459000,0,0
2021-03-23,14768.5498046875,14878.599609375,14707.0,14814.75,474200,0,0
2021-03-24,14712.4501953125,14752.349609375,14535.0,14549.400390625,456400,0,0
2021-03-25,14570.900390625,14575.599609375,14264.400390625,14324.900390625,606800,0,0
2021-03-26,14506.2998046875,14572.900390625,14414.25,14507.2998046875,481000,0,0
2021-03-30,14628.5,14876.2998046875,14617.599609375,14845.099609375,594500,0,0
2021-03-31,14811.849609375,14813.75,14670.25,14690.7001953125,463900,0,0
2021-04-01,14798.400390625,14883.2001953125,14692.4501953125,14867.349609375,445000,0,0
2021-04-05,14837.7001953125,14849.849609375,14459.5,14637.7998046875,509700,0,0
2021-04-06,14737.0,14779.099609375,14573.900390625,14683.5,475300,0,0
2021-04-07,14716.4501953125,14879.7998046875,14649.849609375,14819.0498046875,0,0,0
2021-04-08,14875.650390625,14984.150390625,14821.099609375,14873.7998046875,514800,0,0
2021-04-09,14882.650390625,14918.4501953125,14785.650390625,14834.849609375,504100,0,0
2021-04-12,14644.650390625,14652.5,14248.7001953125,14310.7998046875,650200,0,0
2021-04-13,14364.900390625,14528.900390625,14274.900390625,14504.7998046875,605100,0,0
2021-04-15,14522.400390625,14597.5498046875,14353.2001953125,14581.4501953125,568000,0,0
2021-04-16,14599.599609375,14697.7001953125,14559.0,14617.849609375,577200,0,0
2021-04-19,14306.599609375,14382.2998046875,14191.400390625,14359.4501953125,512300,0,0
2021-04-20,14526.7001953125,14526.9501953125,14207.2998046875,14296.400390625,467400,0,0
2021-04-22,14219.150390625,14424.75,14151.400390625,14406.150390625,524600,0,0
2021-04-23,14326.349609375,14461.150390625,14273.2998046875,14341.349609375,498100,0,0
2021-04-26,14449.4501953125,14557.5,14421.2998046875,14485.0,452700,0,0
2021-04-27,14493.7998046875,14667.5498046875,14484.849609375,14653.0498046875,451800,0,0
2021-04-28,14710.5,14890.25,14694.9501953125,14864.5498046875,457000,0,0
2021-04-29,14979.0,15044.349609375,14814.4501953125,14894.900390625,517500,0,0
